timestep,pebble_id,pebble_z_mm,rank_from_top,reference_step,initial_internal_bonds,intact_internal_bonds,broken_internal_bonds,delta_broken_since_previous_dump,top_displacement_m,top_displacement_mm,top_force_z_N,bottom_force_z_N,side_force_z_N,all_wall_force_z_N
20000,1,1.08866,67,20000,4935,4935,0,0,9e-06,0.009000000000000001,0.039058589,-0.042592529,-0.00013308895,-0.0036670298
20000,2,1.1667,66,20000,4935,4935,0,0,9e-06,0.009000000000000001,0.039058589,-0.042592529,-0.00013308895,-0.0036670298
20000,3,0.495788,97,20000,4935,4935,0,0,9e-06,0.009000000000000001,0.039058589,-0.042592529,-0.00013308895,-0.0036670298
20000,4,0.499588,76,20000,4935,4935,0,0,9e-06,0.009000000000000001,0.039058589,-0.042592529,-0.00013308895,-0.0036670298
20000,5,0.495047,99,20000,4935,4935,0,0,9e-06,0.009000000000000001,0.039058589,-0.042592529,-0.00013308895,-0.0036670298
20000,6,0.499025,79,20000,4935,4935,0,0,9e-06,0.009000000000000001,0.039058589,-0.042592529,-0.00013308895,-0.0036670298
20000,7,0.49866,82,20000,4935,4935,0,0,9e-06,0.009000000000000001,0.039058589,-0.042592529,-0.00013308895,-0.0036670298
20000,8,0.497376,87,20000,4935,4935,0,0,9e-06,0.009000000000000001,0.039058589,-0.042592529,-0.00013308895,-0.0036670298
20000,9,0.49928,77,20000,4935,4935,0,0,9e-06,0.009000000000000001,0.039058589,-0.042592529,-0.00013308895,-0.0036670298
20000,10,0.49913,78,20000,4935,4935,0,0,9e-06,0.009000000000000001,0.039058589,-0.042592529,-0.00013308895,-0.0036670298
20000,11,0.499673,75,20000,4935,4935,0,0,9e-06,0.009000000000000001,0.039058589,-0.042592529,-0.00013308895,-0.0036670298
20000,12,0.737989,71,20000,4935,4935,0,0,9e-06,0.009000000000000001,0.039058589,-0.042592529,-0.00013308895,-0.0036670298
20000,13,0.495975,94,20000,4935,4935,0,0,9e-06,0.009000000000000001,0.039058589,-0.042592529,-0.00013308895,-0.0036670298
20000,14,1.36874,51,20000,4935,4935,0,0,9e-06,0.009000000000000001,0.039058589,-0.042592529,-0.00013308895,-0.0036670298
20000,15,0.497432,86,20000,4935,4935,0,0,9e-06,0.009000000000000001,0.039058589,-0.042592529,-0.00013308895,-0.0036670298
20000,16,1.08112,68,20000,4935,4935,0,0,9e-06,0.009000000000000001,0.039058589,-0.042592529,-0.00013308895,-0.0036670298
20000,17,0.4967,89,20000,4935,4935,0,0,9e-06,0.009000000000000001,0.039058589,-0.042592529,-0.00013308895,-0.0036670298
20000,18,1.26186,62,20000,4935,4935,0,0,9e-06,0.009000000000000001,0.039058589,-0.042592529,-0.00013308895,-0.0036670298
20000,19,1.32996,55,20000,4935,4935,0,0,9e-06,0.009000000000000001,0.039058589,-0.042592529,-0.00013308895,-0.0036670298
20000,20,1.40911,47,20000,4935,4935,0,0,9e-06,0.009000000000000001,0.039058589,-0.042592529,-0.00013308895,-0.0036670298
20000,21,1.37063,50,20000,4935,4935,0,0,9e-06,0.009000000000000001,0.039058589,-0.042592529,-0.00013308895,-0.0036670298
20000,22,0.498642,83,20000,4935,4935,0,0,9e-06,0.009000000000000001,0.039058589,-0.042592529,-0.00013308895,-0.0036670298
20000,23,2.13627,23,20000,4935,4935,0,0,9e-06,0.009000000000000001,0.039058589,-0.042592529,-0.00013308895,-0.0036670298
20000,24,1.25594,63,20000,4935,4935,0,0,9e-06,0.009000000000000001,0.039058589,-0.042592529,-0.00013308895,-0.0036670298
20000,25,0.497796,84,20000,4935,4935,0,0,9e-06,0.009000000000000001,0.039058589,-0.042592529,-0.00013308895,-0.0036670298
20000,26,0.495706,98,20000,4935,4935,0,0,9e-06,0.009000000000000001,0.039058589,-0.042592529,-0.00013308895,-0.0036670298
20000,27,0.497005,88,20000,4935,4935,0,0,9e-06,0.009000000000000001,0.039058589,-0.042592529,-0.00013308895,-0.0036670298
20000,28,1.295,58,20000,4935,4935,0,0,9e-06,0.009000000000000001,0.039058589,-0.042592529,-0.00013308895,-0.0036670298
20000,29,1.208,65,20000,4935,4935,0,0,9e-06,0.009000000000000001,0.039058589,-0.042592529,-0.00013308895,-0.0036670298
20000,30,0.572591,72,20000,4935,4935,0,0,9e-06,0.009000000000000001,0.039058589,-0.042592529,-0.00013308895,-0.0036670298
20000,31,1.42902,46,20000,4935,4935,0,0,9e-06,0.009000000000000001,0.039058589,-0.042592529,-0.00013308895,-0.0036670298
20000,32,1.38849,49,20000,4935,4935,0,0,9e-06,0.009000000000000001,0.039058589,-0.042592529,-0.00013308895,-0.0036670298
20000,33,0.499948,74,20000,4935,4935,0,0,9e-06,0.009000000000000001,0.039058589,-0.042592529,-0.00013308895,-0.0036670298
20000,34,1.27053,60,20000,4935,4935,0,0,9e-06,0.009000000000000001,0.039058589,-0.042592529,-0.00013308895,-0.0036670298
20000,35,0.498918,80,20000,4935,4935,0,0,9e-06,0.009000000000000001,0.039058589,-0.042592529,-0.00013308895,-0.0036670298
20000,36,0.497446,85,20000,4935,4935,0,0,9e-06,0.009000000000000001,0.039058589,-0.042592529,-0.00013308895,-0.0036670298
20000,37,0.494964,100,20000,4935,4935,0,0,9e-06,0.009000000000000001,0.039058589,-0.042592529,-0.00013308895,-0.0036670298
20000,38,0.496497,92,20000,4935,4935,0,0,9e-06,0.009000000000000001,0.039058589,-0.042592529,-0.00013308895,-0.0036670298
20000,39,1.3484,54,20000,4935,4935,0,0,9e-06,0.009000000000000001,0.039058589,-0.042592529,-0.00013308895,-0.0036670298
20000,40,1.39016,48,20000,4935,4935,0,0,9e-06,0.009000000000000001,0.039058589,-0.042592529,-0.00013308895,-0.0036670298
20000,41,1.35498,53,20000,4935,4935,0,0,9e-06,0.009000000000000001,0.039058589,-0.042592529,-0.00013308895,-0.0036670298
20000,42,1.36688,52,20000,4935,4935,0,0,9e-06,0.009000000000000001,0.039058589,-0.042592529,-0.00013308895,-0.0036670298
20000,43,0.495987,93,20000,4935,4935,0,0,9e-06,0.009000000000000001,0.039058589,-0.042592529,-0.00013308895,-0.0036670298
20000,44,1.94912,32,20000,4935,4935,0,0,9e-06,0.009000000000000001,0.039058589,-0.042592529,-0.00013308895,-0.0036670298
20000,45,1.97247,29,20000,4935,4935,0,0,9e-06,0.009000000000000001,0.039058589,-0.042592529,-0.00013308895,-0.0036670298
20000,46,0.500453,73,20000,4935,4935,0,0,9e-06,0.009000000000000001,0.039058589,-0.042592529,-0.00013308895,-0.0036670298
20000,47,1.74808,39,20000,4935,4935,0,0,9e-06,0.009000000000000001,0.039058589,-0.042592529,-0.00013308895,-0.0036670298
20000,48,0.965875,70,20000,4935,4935,0,0,9e-06,0.009000000000000001,0.039058589,-0.042592529,-0.00013308895,-0.0036670298
20000,49,0.495827,96,20000,4935,4935,0,0,9e-06,0.009000000000000001,0.039058589,-0.042592529,-0.00013308895,-0.0036670298
20000,50,2.03255,28,20000,4935,4935,0,0,9e-06,0.009000000000000001,0.039058589,-0.042592529,-0.00013308895,-0.0036670298
20000,51,0.49596,95,20000,4935,4935,0,0,9e-06,0.009000000000000001,0.039058589,-0.042592529,-0.00013308895,-0.0036670298
20000,52,0.496687,90,20000,4935,4935,0,0,9e-06,0.009000000000000001,0.039058589,-0.042592529,-0.00013308895,-0.0036670298
20000,53,1.56076,42,20000,4935,4935,0,0,9e-06,0.009000000000000001,0.039058589,-0.042592529,-0.00013308895,-0.0036670298
20000,54,0.496524,91,20000,4935,4935,0,0,9e-06,0.009000000000000001,0.039058589,-0.042592529,-0.00013308895,-0.0036670298
20000,55,1.78581,38,20000,4935,4935,0,0,9e-06,0.009000000000000001,0.039058589,-0.042592529,-0.00013308895,-0.0036670298
20000,56,1.90984,34,20000,4935,4935,0,0,9e-06,0.009000000000000001,0.039058589,-0.042592529,-0.00013308895,-0.0036670298
20000,57,1.93279,33,20000,4935,4935,0,0,9e-06,0.009000000000000001,0.039058589,-0.042592529,-0.00013308895,-0.0036670298
20000,58,1.84004,37,20000,4935,4935,0,0,9e-06,0.009000000000000001,0.039058589,-0.042592529,-0.00013308895,-0.0036670298
20000,59,2.30584,18,20000,4935,4935,0,0,9e-06,0.009000000000000001,0.039058589,-0.042592529,-0.00013308895,-0.0036670298
20000,60,1.8674,36,20000,4935,4935,0,0,9e-06,0.009000000000000001,0.039058589,-0.042592529,-0.00013308895,-0.0036670298
20000,61,2.07564,25,20000,4935,4935,0,0,9e-06,0.009000000000000001,0.039058589,-0.042592529,-0.00013308895,-0.0036670298
20000,62,2.5825,9,20000,4935,4935,0,0,9e-06,0.009000000000000001,0.039058589,-0.042592529,-0.00013308895,-0.0036670298
20000,63,1.9674,30,20000,4935,4935,0,0,9e-06,0.009000000000000001,0.039058589,-0.042592529,-0.00013308895,-0.0036670298
20000,64,2.11059,24,20000,4935,4935,0,0,9e-06,0.009000000000000001,0.039058589,-0.042592529,-0.00013308895,-0.0036670298
20000,65,2.30774,17,20000,4935,4935,0,0,9e-06,0.009000000000000001,0.039058589,-0.042592529,-0.00013308895,-0.0036670298
20000,66,0.498661,81,20000,4935,4935,0,0,9e-06,0.009000000000000001,0.039058589,-0.042592529,-0.00013308895,-0.0036670298
20000,67,1.44008,44,20000,4935,4935,0,0,9e-06,0.009000000000000001,0.039058589,-0.042592529,-0.00013308895,-0.0036670298
20000,68,2.05433,27,20000,4935,4935,0,0,9e-06,0.009000000000000001,0.039058589,-0.042592529,-0.00013308895,-0.0036670298
20000,69,1.95284,31,20000,4935,4935,0,0,9e-06,0.009000000000000001,0.039058589,-0.042592529,-0.00013308895,-0.0036670298
20000,70,2.9857,2,20000,4935,4935,0,0,9e-06,0.009000000000000001,0.039058589,-0.042592529,-0.00013308895,-0.0036670298
20000,71,1.28118,59,20000,4935,4935,0,0,9e-06,0.009000000000000001,0.039058589,-0.042592529,-0.00013308895,-0.0036670298
20000,72,2.31439,16,20000,4935,4935,0,0,9e-06,0.009000000000000001,0.039058589,-0.042592529,-0.00013308895,-0.0036670298
20000,73,1.31206,56,20000,4935,4935,0,0,9e-06,0.009000000000000001,0.039058589,-0.042592529,-0.00013308895,-0.0036670298
20000,74,2.39611,10,20000,4935,4935,0,0,9e-06,0.009000000000000001,0.039058589,-0.042592529,-0.00013308895,-0.0036670298
20000,75,1.05233,69,20000,4935,4935,0,0,9e-06,0.009000000000000001,0.039058589,-0.042592529,-0.00013308895,-0.0036670298
20000,76,2.24641,21,20000,4935,4935,0,0,9e-06,0.009000000000000001,0.039058589,-0.042592529,-0.00013308895,-0.0036670298
20000,77,2.78437,6,20000,4935,4935,0,0,9e-06,0.009000000000000001,0.039058589,-0.042592529,-0.00013308895,-0.0036670298
20000,78,1.26817,61,20000,4935,4935,0,0,9e-06,0.009000000000000001,0.039058589,-0.042592529,-0.00013308895,-0.0036670298
20000,79,1.4832,43,20000,4935,4935,0,0,9e-06,0.009000000000000001,0.039058589,-0.042592529,-0.00013308895,-0.0036670298
20000,80,1.24922,64,20000,4935,4935,0,0,9e-06,0.009000000000000001,0.039058589,-0.042592529,-0.00013308895,-0.0036670298
20000,81,2.2642,20,20000,4935,4935,0,0,9e-06,0.009000000000000001,0.039058589,-0.042592529,-0.00013308895,-0.0036670298
20000,82,2.07168,26,20000,4935,4935,0,0,9e-06,0.009000000000000001,0.039058589,-0.042592529,-0.00013308895,-0.0036670298
20000,83,2.38543,11,20000,4935,4935,0,0,9e-06,0.009000000000000001,0.039058589,-0.042592529,-0.00013308895,-0.0036670298
20000,84,2.14131,22,20000,4935,4935,0,0,9e-06,0.009000000000000001,0.039058589,-0.042592529,-0.00013308895,-0.0036670298
20000,85,2.5965,8,20000,4935,4935,0,0,9e-06,0.009000000000000001,0.039058589,-0.042592529,-0.00013308895,-0.0036670298
20000,86,2.38029,13,20000,4935,4935,0,0,9e-06,0.009000000000000001,0.039058589,-0.042592529,-0.00013308895,-0.0036670298
20000,87,1.68702,41,20000,4935,4935,0,0,9e-06,0.009000000000000001,0.039058589,-0.042592529,-0.00013308895,-0.0036670298
20000,88,2.37792,14,20000,4935,4935,0,0,9e-06,0.009000000000000001,0.039058589,-0.042592529,-0.00013308895,-0.0036670298
20000,89,2.8347,4,20000,4935,4935,0,0,9e-06,0.009000000000000001,0.039058589,-0.042592529,-0.00013308895,-0.0036670298
20000,90,2.72626,7,20000,4935,4935,0,0,9e-06,0.009000000000000001,0.039058589,-0.042592529,-0.00013308895,-0.0036670298
20000,91,2.38109,12,20000,4935,4935,0,0,9e-06,0.009000000000000001,0.039058589,-0.042592529,-0.00013308895,-0.0036670298
20000,92,2.27905,19,20000,4935,4935,0,0,9e-06,0.009000000000000001,0.039058589,-0.042592529,-0.00013308895,-0.0036670298
20000,93,1.30018,57,20000,4935,4935,0,0,9e-06,0.009000000000000001,0.039058589,-0.042592529,-0.00013308895,-0.0036670298
20000,94,2.79059,5,20000,4935,4935,0,0,9e-06,0.009000000000000001,0.039058589,-0.042592529,-0.00013308895,-0.0036670298
20000,95,2.99853,1,20000,4935,4935,0,0,9e-06,0.009000000000000001,0.039058589,-0.042592529,-0.00013308895,-0.0036670298
20000,96,1.73118,40,20000,4935,4935,0,0,9e-06,0.009000000000000001,0.039058589,-0.042592529,-0.00013308895,-0.0036670298
20000,97,2.97561,3,20000,4935,4935,0,0,9e-06,0.009000000000000001,0.039058589,-0.042592529,-0.00013308895,-0.0036670298
20000,98,1.43907,45,20000,4935,4935,0,0,9e-06,0.009000000000000001,0.039058589,-0.042592529,-0.00013308895,-0.0036670298
20000,99,1.87782,35,20000,4935,4935,0,0,9e-06,0.009000000000000001,0.039058589,-0.042592529,-0.00013308895,-0.0036670298
20000,100,2.37384,15,20000,4935,4935,0,0,9e-06,0.009000000000000001,0.039058589,-0.042592529,-0.00013308895,-0.0036670298
30000,1,1.08866,67,20000,4935,4935,0,0,1.9e-05,0.019,0.11797537,-0.12167179,0.001129019,-0.00256741
30000,2,1.1667,66,20000,4935,4935,0,0,1.9e-05,0.019,0.11797537,-0.12167179,0.001129019,-0.00256741
30000,3,0.495788,97,20000,4935,4935,0,0,1.9e-05,0.019,0.11797537,-0.12167179,0.001129019,-0.00256741
30000,4,0.499588,76,20000,4935,4935,0,0,1.9e-05,0.019,0.11797537,-0.12167179,0.001129019,-0.00256741
30000,5,0.495047,99,20000,4935,4935,0,0,1.9e-05,0.019,0.11797537,-0.12167179,0.001129019,-0.00256741
30000,6,0.499025,79,20000,4935,4935,0,0,1.9e-05,0.019,0.11797537,-0.12167179,0.001129019,-0.00256741
30000,7,0.49866,82,20000,4935,4935,0,0,1.9e-05,0.019,0.11797537,-0.12167179,0.001129019,-0.00256741
30000,8,0.497376,87,20000,4935,4935,0,0,1.9e-05,0.019,0.11797537,-0.12167179,0.001129019,-0.00256741
30000,9,0.49928,77,20000,4935,4935,0,0,1.9e-05,0.019,0.11797537,-0.12167179,0.001129019,-0.00256741
30000,10,0.49913,78,20000,4935,4935,0,0,1.9e-05,0.019,0.11797537,-0.12167179,0.001129019,-0.00256741
30000,11,0.499673,75,20000,4935,4935,0,0,1.9e-05,0.019,0.11797537,-0.12167179,0.001129019,-0.00256741
30000,12,0.737989,71,20000,4935,4935,0,0,1.9e-05,0.019,0.11797537,-0.12167179,0.001129019,-0.00256741
30000,13,0.495975,94,20000,4935,4935,0,0,1.9e-05,0.019,0.11797537,-0.12167179,0.001129019,-0.00256741
30000,14,1.36874,51,20000,4935,4935,0,0,1.9e-05,0.019,0.11797537,-0.12167179,0.001129019,-0.00256741
30000,15,0.497432,86,20000,4935,4935,0,0,1.9e-05,0.019,0.11797537,-0.12167179,0.001129019,-0.00256741
30000,16,1.08112,68,20000,4935,4935,0,0,1.9e-05,0.019,0.11797537,-0.12167179,0.001129019,-0.00256741
30000,17,0.4967,89,20000,4935,4935,0,0,1.9e-05,0.019,0.11797537,-0.12167179,0.001129019,-0.00256741
30000,18,1.26186,62,20000,4935,4935,0,0,1.9e-05,0.019,0.11797537,-0.12167179,0.001129019,-0.00256741
30000,19,1.32996,55,20000,4935,4935,0,0,1.9e-05,0.019,0.11797537,-0.12167179,0.001129019,-0.00256741
30000,20,1.40911,47,20000,4935,4935,0,0,1.9e-05,0.019,0.11797537,-0.12167179,0.001129019,-0.00256741
30000,21,1.37063,50,20000,4935,4935,0,0,1.9e-05,0.019,0.11797537,-0.12167179,0.001129019,-0.00256741
30000,22,0.498642,83,20000,4935,4935,0,0,1.9e-05,0.019,0.11797537,-0.12167179,0.001129019,-0.00256741
30000,23,2.13627,23,20000,4935,4935,0,0,1.9e-05,0.019,0.11797537,-0.12167179,0.001129019,-0.00256741
30000,24,1.25594,63,20000,4935,4935,0,0,1.9e-05,0.019,0.11797537,-0.12167179,0.001129019,-0.00256741
30000,25,0.497796,84,20000,4935,4935,0,0,1.9e-05,0.019,0.11797537,-0.12167179,0.001129019,-0.00256741
30000,26,0.495706,98,20000,4935,4935,0,0,1.9e-05,0.019,0.11797537,-0.12167179,0.001129019,-0.00256741
30000,27,0.497005,88,20000,4935,4935,0,0,1.9e-05,0.019,0.11797537,-0.12167179,0.001129019,-0.00256741
30000,28,1.295,58,20000,4935,4935,0,0,1.9e-05,0.019,0.11797537,-0.12167179,0.001129019,-0.00256741
30000,29,1.208,65,20000,4935,4935,0,0,1.9e-05,0.019,0.11797537,-0.12167179,0.001129019,-0.00256741
30000,30,0.572591,72,20000,4935,4935,0,0,1.9e-05,0.019,0.11797537,-0.12167179,0.001129019,-0.00256741
30000,31,1.42902,46,20000,4935,4935,0,0,1.9e-05,0.019,0.11797537,-0.12167179,0.001129019,-0.00256741
30000,32,1.38849,49,20000,4935,4935,0,0,1.9e-05,0.019,0.11797537,-0.12167179,0.001129019,-0.00256741
30000,33,0.499948,74,20000,4935,4935,0,0,1.9e-05,0.019,0.11797537,-0.12167179,0.001129019,-0.00256741
30000,34,1.27053,60,20000,4935,4935,0,0,1.9e-05,0.019,0.11797537,-0.12167179,0.001129019,-0.00256741
30000,35,0.498918,80,20000,4935,4935,0,0,1.9e-05,0.019,0.11797537,-0.12167179,0.001129019,-0.00256741
30000,36,0.497446,85,20000,4935,4935,0,0,1.9e-05,0.019,0.11797537,-0.12167179,0.001129019,-0.00256741
30000,37,0.494964,100,20000,4935,4935,0,0,1.9e-05,0.019,0.11797537,-0.12167179,0.001129019,-0.00256741
30000,38,0.496497,92,20000,4935,4935,0,0,1.9e-05,0.019,0.11797537,-0.12167179,0.001129019,-0.00256741
30000,39,1.3484,54,20000,4935,4935,0,0,1.9e-05,0.019,0.11797537,-0.12167179,0.001129019,-0.00256741
30000,40,1.39016,48,20000,4935,4935,0,0,1.9e-05,0.019,0.11797537,-0.12167179,0.001129019,-0.00256741
30000,41,1.35498,53,20000,4935,4935,0,0,1.9e-05,0.019,0.11797537,-0.12167179,0.001129019,-0.00256741
30000,42,1.36688,52,20000,4935,4935,0,0,1.9e-05,0.019,0.11797537,-0.12167179,0.001129019,-0.00256741
30000,43,0.495987,93,20000,4935,4935,0,0,1.9e-05,0.019,0.11797537,-0.12167179,0.001129019,-0.00256741
30000,44,1.94912,32,20000,4935,4935,0,0,1.9e-05,0.019,0.11797537,-0.12167179,0.001129019,-0.00256741
30000,45,1.97247,29,20000,4935,4935,0,0,1.9e-05,0.019,0.11797537,-0.12167179,0.001129019,-0.00256741
30000,46,0.500453,73,20000,4935,4935,0,0,1.9e-05,0.019,0.11797537,-0.12167179,0.001129019,-0.00256741
30000,47,1.74808,39,20000,4935,4935,0,0,1.9e-05,0.019,0.11797537,-0.12167179,0.001129019,-0.00256741
30000,48,0.965875,70,20000,4935,4935,0,0,1.9e-05,0.019,0.11797537,-0.12167179,0.001129019,-0.00256741
30000,49,0.495827,96,20000,4935,4935,0,0,1.9e-05,0.019,0.11797537,-0.12167179,0.001129019,-0.00256741
30000,50,2.03255,28,20000,4935,4935,0,0,1.9e-05,0.019,0.11797537,-0.12167179,0.001129019,-0.00256741
30000,51,0.49596,95,20000,4935,4935,0,0,1.9e-05,0.019,0.11797537,-0.12167179,0.001129019,-0.00256741
30000,52,0.496687,90,20000,4935,4935,0,0,1.9e-05,0.019,0.11797537,-0.12167179,0.001129019,-0.00256741
30000,53,1.56076,42,20000,4935,4935,0,0,1.9e-05,0.019,0.11797537,-0.12167179,0.001129019,-0.00256741
30000,54,0.496524,91,20000,4935,4935,0,0,1.9e-05,0.019,0.11797537,-0.12167179,0.001129019,-0.00256741
30000,55,1.78581,38,20000,4935,4935,0,0,1.9e-05,0.019,0.11797537,-0.12167179,0.001129019,-0.00256741
30000,56,1.90984,34,20000,4935,4935,0,0,1.9e-05,0.019,0.11797537,-0.12167179,0.001129019,-0.00256741
30000,57,1.93279,33,20000,4935,4935,0,0,1.9e-05,0.019,0.11797537,-0.12167179,0.001129019,-0.00256741
30000,58,1.84004,37,20000,4935,4935,0,0,1.9e-05,0.019,0.11797537,-0.12167179,0.001129019,-0.00256741
30000,59,2.30584,18,20000,4935,4935,0,0,1.9e-05,0.019,0.11797537,-0.12167179,0.001129019,-0.00256741
30000,60,1.8674,36,20000,4935,4935,0,0,1.9e-05,0.019,0.11797537,-0.12167179,0.001129019,-0.00256741
30000,61,2.07564,25,20000,4935,4935,0,0,1.9e-05,0.019,0.11797537,-0.12167179,0.001129019,-0.00256741
30000,62,2.5825,9,20000,4935,4935,0,0,1.9e-05,0.019,0.11797537,-0.12167179,0.001129019,-0.00256741
30000,63,1.9674,30,20000,4935,4935,0,0,1.9e-05,0.019,0.11797537,-0.12167179,0.001129019,-0.00256741
30000,64,2.11059,24,20000,4935,4935,0,0,1.9e-05,0.019,0.11797537,-0.12167179,0.001129019,-0.00256741
30000,65,2.30774,17,20000,4935,4935,0,0,1.9e-05,0.019,0.11797537,-0.12167179,0.001129019,-0.00256741
30000,66,0.498661,81,20000,4935,4935,0,0,1.9e-05,0.019,0.11797537,-0.12167179,0.001129019,-0.00256741
30000,67,1.44008,44,20000,4935,4935,0,0,1.9e-05,0.019,0.11797537,-0.12167179,0.001129019,-0.00256741
30000,68,2.05433,27,20000,4935,4935,0,0,1.9e-05,0.019,0.11797537,-0.12167179,0.001129019,-0.00256741
30000,69,1.95284,31,20000,4935,4935,0,0,1.9e-05,0.019,0.11797537,-0.12167179,0.001129019,-0.00256741
30000,70,2.9857,2,20000,4935,4935,0,0,1.9e-05,0.019,0.11797537,-0.12167179,0.001129019,-0.00256741
30000,71,1.28118,59,20000,4935,4935,0,0,1.9e-05,0.019,0.11797537,-0.12167179,0.001129019,-0.00256741
30000,72,2.31439,16,20000,4935,4935,0,0,1.9e-05,0.019,0.11797537,-0.12167179,0.001129019,-0.00256741
30000,73,1.31206,56,20000,4935,4935,0,0,1.9e-05,0.019,0.11797537,-0.12167179,0.001129019,-0.00256741
30000,74,2.39611,10,20000,4935,4935,0,0,1.9e-05,0.019,0.11797537,-0.12167179,0.001129019,-0.00256741
30000,75,1.05233,69,20000,4935,4935,0,0,1.9e-05,0.019,0.11797537,-0.12167179,0.001129019,-0.00256741
30000,76,2.24641,21,20000,4935,4935,0,0,1.9e-05,0.019,0.11797537,-0.12167179,0.001129019,-0.00256741
30000,77,2.78437,6,20000,4935,4935,0,0,1.9e-05,0.019,0.11797537,-0.12167179,0.001129019,-0.00256741
30000,78,1.26817,61,20000,4935,4935,0,0,1.9e-05,0.019,0.11797537,-0.12167179,0.001129019,-0.00256741
30000,79,1.4832,43,20000,4935,4935,0,0,1.9e-05,0.019,0.11797537,-0.12167179,0.001129019,-0.00256741
30000,80,1.24922,64,20000,4935,4935,0,0,1.9e-05,0.019,0.11797537,-0.12167179,0.001129019,-0.00256741
30000,81,2.2642,20,20000,4935,4935,0,0,1.9e-05,0.019,0.11797537,-0.12167179,0.001129019,-0.00256741
30000,82,2.07168,26,20000,4935,4935,0,0,1.9e-05,0.019,0.11797537,-0.12167179,0.001129019,-0.00256741
30000,83,2.38543,11,20000,4935,4935,0,0,1.9e-05,0.019,0.11797537,-0.12167179,0.001129019,-0.00256741
30000,84,2.14131,22,20000,4935,4935,0,0,1.9e-05,0.019,0.11797537,-0.12167179,0.001129019,-0.00256741
30000,85,2.5965,8,20000,4935,4935,0,0,1.9e-05,0.019,0.11797537,-0.12167179,0.001129019,-0.00256741
30000,86,2.38029,13,20000,4935,4935,0,0,1.9e-05,0.019,0.11797537,-0.12167179,0.001129019,-0.00256741
30000,87,1.68702,41,20000,4935,4935,0,0,1.9e-05,0.019,0.11797537,-0.12167179,0.001129019,-0.00256741
30000,88,2.37792,14,20000,4935,4935,0,0,1.9e-05,0.019,0.11797537,-0.12167179,0.001129019,-0.00256741
30000,89,2.8347,4,20000,4935,4935,0,0,1.9e-05,0.019,0.11797537,-0.12167179,0.001129019,-0.00256741
30000,90,2.72626,7,20000,4935,4935,0,0,1.9e-05,0.019,0.11797537,-0.12167179,0.001129019,-0.00256741
30000,91,2.38109,12,20000,4935,4935,0,0,1.9e-05,0.019,0.11797537,-0.12167179,0.001129019,-0.00256741
30000,92,2.27905,19,20000,4935,4935,0,0,1.9e-05,0.019,0.11797537,-0.12167179,0.001129019,-0.00256741
30000,93,1.30018,57,20000,4935,4935,0,0,1.9e-05,0.019,0.11797537,-0.12167179,0.001129019,-0.00256741
30000,94,2.79059,5,20000,4935,4935,0,0,1.9e-05,0.019,0.11797537,-0.12167179,0.001129019,-0.00256741
30000,95,2.99853,1,20000,4935,4935,0,0,1.9e-05,0.019,0.11797537,-0.12167179,0.001129019,-0.00256741
30000,96,1.73118,40,20000,4935,4935,0,0,1.9e-05,0.019,0.11797537,-0.12167179,0.001129019,-0.00256741
30000,97,2.97561,3,20000,4935,4935,0,0,1.9e-05,0.019,0.11797537,-0.12167179,0.001129019,-0.00256741
30000,98,1.43907,45,20000,4935,4935,0,0,1.9e-05,0.019,0.11797537,-0.12167179,0.001129019,-0.00256741
30000,99,1.87782,35,20000,4935,4935,0,0,1.9e-05,0.019,0.11797537,-0.12167179,0.001129019,-0.00256741
30000,100,2.37384,15,20000,4935,4935,0,0,1.9e-05,0.019,0.11797537,-0.12167179,0.001129019,-0.00256741
40000,1,1.08866,67,20000,4935,4935,0,0,2.9e-05,0.029,0.23918508,-0.26363325,0.011768242,-0.012679933
40000,2,1.1667,66,20000,4935,4935,0,0,2.9e-05,0.029,0.23918508,-0.26363325,0.011768242,-0.012679933
40000,3,0.495788,97,20000,4935,4935,0,0,2.9e-05,0.029,0.23918508,-0.26363325,0.011768242,-0.012679933
40000,4,0.499588,76,20000,4935,4935,0,0,2.9e-05,0.029,0.23918508,-0.26363325,0.011768242,-0.012679933
40000,5,0.495047,99,20000,4935,4935,0,0,2.9e-05,0.029,0.23918508,-0.26363325,0.011768242,-0.012679933
40000,6,0.499025,79,20000,4935,4935,0,0,2.9e-05,0.029,0.23918508,-0.26363325,0.011768242,-0.012679933
40000,7,0.49866,82,20000,4935,4935,0,0,2.9e-05,0.029,0.23918508,-0.26363325,0.011768242,-0.012679933
40000,8,0.497376,87,20000,4935,4935,0,0,2.9e-05,0.029,0.23918508,-0.26363325,0.011768242,-0.012679933
40000,9,0.49928,77,20000,4935,4935,0,0,2.9e-05,0.029,0.23918508,-0.26363325,0.011768242,-0.012679933
40000,10,0.49913,78,20000,4935,4935,0,0,2.9e-05,0.029,0.23918508,-0.26363325,0.011768242,-0.012679933
40000,11,0.499673,75,20000,4935,4935,0,0,2.9e-05,0.029,0.23918508,-0.26363325,0.011768242,-0.012679933
40000,12,0.737989,71,20000,4935,4935,0,0,2.9e-05,0.029,0.23918508,-0.26363325,0.011768242,-0.012679933
40000,13,0.495975,94,20000,4935,4935,0,0,2.9e-05,0.029,0.23918508,-0.26363325,0.011768242,-0.012679933
40000,14,1.36874,51,20000,4935,4935,0,0,2.9e-05,0.029,0.23918508,-0.26363325,0.011768242,-0.012679933
40000,15,0.497432,86,20000,4935,4935,0,0,2.9e-05,0.029,0.23918508,-0.26363325,0.011768242,-0.012679933
40000,16,1.08112,68,20000,4935,4935,0,0,2.9e-05,0.029,0.23918508,-0.26363325,0.011768242,-0.012679933
40000,17,0.4967,89,20000,4935,4935,0,0,2.9e-05,0.029,0.23918508,-0.26363325,0.011768242,-0.012679933
40000,18,1.26186,62,20000,4935,4935,0,0,2.9e-05,0.029,0.23918508,-0.26363325,0.011768242,-0.012679933
40000,19,1.32996,55,20000,4935,4935,0,0,2.9e-05,0.029,0.23918508,-0.26363325,0.011768242,-0.012679933
40000,20,1.40911,47,20000,4935,4935,0,0,2.9e-05,0.029,0.23918508,-0.26363325,0.011768242,-0.012679933
40000,21,1.37063,50,20000,4935,4935,0,0,2.9e-05,0.029,0.23918508,-0.26363325,0.011768242,-0.012679933
40000,22,0.498642,83,20000,4935,4935,0,0,2.9e-05,0.029,0.23918508,-0.26363325,0.011768242,-0.012679933
40000,23,2.13627,23,20000,4935,4935,0,0,2.9e-05,0.029,0.23918508,-0.26363325,0.011768242,-0.012679933
40000,24,1.25594,63,20000,4935,4935,0,0,2.9e-05,0.029,0.23918508,-0.26363325,0.011768242,-0.012679933
40000,25,0.497796,84,20000,4935,4935,0,0,2.9e-05,0.029,0.23918508,-0.26363325,0.011768242,-0.012679933
40000,26,0.495706,98,20000,4935,4935,0,0,2.9e-05,0.029,0.23918508,-0.26363325,0.011768242,-0.012679933
40000,27,0.497005,88,20000,4935,4935,0,0,2.9e-05,0.029,0.23918508,-0.26363325,0.011768242,-0.012679933
40000,28,1.295,58,20000,4935,4935,0,0,2.9e-05,0.029,0.23918508,-0.26363325,0.011768242,-0.012679933
40000,29,1.208,65,20000,4935,4935,0,0,2.9e-05,0.029,0.23918508,-0.26363325,0.011768242,-0.012679933
40000,30,0.572591,72,20000,4935,4935,0,0,2.9e-05,0.029,0.23918508,-0.26363325,0.011768242,-0.012679933
40000,31,1.42902,46,20000,4935,4935,0,0,2.9e-05,0.029,0.23918508,-0.26363325,0.011768242,-0.012679933
40000,32,1.38849,49,20000,4935,4935,0,0,2.9e-05,0.029,0.23918508,-0.26363325,0.011768242,-0.012679933
40000,33,0.499948,74,20000,4935,4935,0,0,2.9e-05,0.029,0.23918508,-0.26363325,0.011768242,-0.012679933
40000,34,1.27053,60,20000,4935,4935,0,0,2.9e-05,0.029,0.23918508,-0.26363325,0.011768242,-0.012679933
40000,35,0.498918,80,20000,4935,4935,0,0,2.9e-05,0.029,0.23918508,-0.26363325,0.011768242,-0.012679933
40000,36,0.497446,85,20000,4935,4935,0,0,2.9e-05,0.029,0.23918508,-0.26363325,0.011768242,-0.012679933
40000,37,0.494964,100,20000,4935,4935,0,0,2.9e-05,0.029,0.23918508,-0.26363325,0.011768242,-0.012679933
40000,38,0.496497,92,20000,4935,4935,0,0,2.9e-05,0.029,0.23918508,-0.26363325,0.011768242,-0.012679933
40000,39,1.3484,54,20000,4935,4935,0,0,2.9e-05,0.029,0.23918508,-0.26363325,0.011768242,-0.012679933
40000,40,1.39016,48,20000,4935,4935,0,0,2.9e-05,0.029,0.23918508,-0.26363325,0.011768242,-0.012679933
40000,41,1.35498,53,20000,4935,4935,0,0,2.9e-05,0.029,0.23918508,-0.26363325,0.011768242,-0.012679933
40000,42,1.36688,52,20000,4935,4935,0,0,2.9e-05,0.029,0.23918508,-0.26363325,0.011768242,-0.012679933
40000,43,0.495987,93,20000,4935,4935,0,0,2.9e-05,0.029,0.23918508,-0.26363325,0.011768242,-0.012679933
40000,44,1.94912,32,20000,4935,4935,0,0,2.9e-05,0.029,0.23918508,-0.26363325,0.011768242,-0.012679933
40000,45,1.97247,29,20000,4935,4935,0,0,2.9e-05,0.029,0.23918508,-0.26363325,0.011768242,-0.012679933
40000,46,0.500453,73,20000,4935,4935,0,0,2.9e-05,0.029,0.23918508,-0.26363325,0.011768242,-0.012679933
40000,47,1.74808,39,20000,4935,4935,0,0,2.9e-05,0.029,0.23918508,-0.26363325,0.011768242,-0.012679933
40000,48,0.965875,70,20000,4935,4935,0,0,2.9e-05,0.029,0.23918508,-0.26363325,0.011768242,-0.012679933
40000,49,0.495827,96,20000,4935,4935,0,0,2.9e-05,0.029,0.23918508,-0.26363325,0.011768242,-0.012679933
40000,50,2.03255,28,20000,4935,4935,0,0,2.9e-05,0.029,0.23918508,-0.26363325,0.011768242,-0.012679933
40000,51,0.49596,95,20000,4935,4935,0,0,2.9e-05,0.029,0.23918508,-0.26363325,0.011768242,-0.012679933
40000,52,0.496687,90,20000,4935,4935,0,0,2.9e-05,0.029,0.23918508,-0.26363325,0.011768242,-0.012679933
40000,53,1.56076,42,20000,4935,4935,0,0,2.9e-05,0.029,0.23918508,-0.26363325,0.011768242,-0.012679933
40000,54,0.496524,91,20000,4935,4935,0,0,2.9e-05,0.029,0.23918508,-0.26363325,0.011768242,-0.012679933
40000,55,1.78581,38,20000,4935,4935,0,0,2.9e-05,0.029,0.23918508,-0.26363325,0.011768242,-0.012679933
40000,56,1.90984,34,20000,4935,4935,0,0,2.9e-05,0.029,0.23918508,-0.26363325,0.011768242,-0.012679933
40000,57,1.93279,33,20000,4935,4935,0,0,2.9e-05,0.029,0.23918508,-0.26363325,0.011768242,-0.012679933
40000,58,1.84004,37,20000,4935,4935,0,0,2.9e-05,0.029,0.23918508,-0.26363325,0.011768242,-0.012679933
40000,59,2.30584,18,20000,4935,4935,0,0,2.9e-05,0.029,0.23918508,-0.26363325,0.011768242,-0.012679933
40000,60,1.8674,36,20000,4935,4935,0,0,2.9e-05,0.029,0.23918508,-0.26363325,0.011768242,-0.012679933
40000,61,2.07564,25,20000,4935,4935,0,0,2.9e-05,0.029,0.23918508,-0.26363325,0.011768242,-0.012679933
40000,62,2.5825,9,20000,4935,4935,0,0,2.9e-05,0.029,0.23918508,-0.26363325,0.011768242,-0.012679933
40000,63,1.9674,30,20000,4935,4935,0,0,2.9e-05,0.029,0.23918508,-0.26363325,0.011768242,-0.012679933
40000,64,2.11059,24,20000,4935,4935,0,0,2.9e-05,0.029,0.23918508,-0.26363325,0.011768242,-0.012679933
40000,65,2.30774,17,20000,4935,4935,0,0,2.9e-05,0.029,0.23918508,-0.26363325,0.011768242,-0.012679933
40000,66,0.498661,81,20000,4935,4935,0,0,2.9e-05,0.029,0.23918508,-0.26363325,0.011768242,-0.012679933
40000,67,1.44008,44,20000,4935,4935,0,0,2.9e-05,0.029,0.23918508,-0.26363325,0.011768242,-0.012679933
40000,68,2.05433,27,20000,4935,4935,0,0,2.9e-05,0.029,0.23918508,-0.26363325,0.011768242,-0.012679933
40000,69,1.95284,31,20000,4935,4935,0,0,2.9e-05,0.029,0.23918508,-0.26363325,0.011768242,-0.012679933
40000,70,2.9857,2,20000,4935,4935,0,0,2.9e-05,0.029,0.23918508,-0.26363325,0.011768242,-0.012679933
40000,71,1.28118,59,20000,4935,4935,0,0,2.9e-05,0.029,0.23918508,-0.26363325,0.011768242,-0.012679933
40000,72,2.31439,16,20000,4935,4935,0,0,2.9e-05,0.029,0.23918508,-0.26363325,0.011768242,-0.012679933
40000,73,1.31206,56,20000,4935,4935,0,0,2.9e-05,0.029,0.23918508,-0.26363325,0.011768242,-0.012679933
40000,74,2.39611,10,20000,4935,4935,0,0,2.9e-05,0.029,0.23918508,-0.26363325,0.011768242,-0.012679933
40000,75,1.05233,69,20000,4935,4935,0,0,2.9e-05,0.029,0.23918508,-0.26363325,0.011768242,-0.012679933
40000,76,2.24641,21,20000,4935,4935,0,0,2.9e-05,0.029,0.23918508,-0.26363325,0.011768242,-0.012679933
40000,77,2.78437,6,20000,4935,4935,0,0,2.9e-05,0.029,0.23918508,-0.26363325,0.011768242,-0.012679933
40000,78,1.26817,61,20000,4935,4935,0,0,2.9e-05,0.029,0.23918508,-0.26363325,0.011768242,-0.012679933
40000,79,1.4832,43,20000,4935,4935,0,0,2.9e-05,0.029,0.23918508,-0.26363325,0.011768242,-0.012679933
40000,80,1.24922,64,20000,4935,4935,0,0,2.9e-05,0.029,0.23918508,-0.26363325,0.011768242,-0.012679933
40000,81,2.2642,20,20000,4935,4935,0,0,2.9e-05,0.029,0.23918508,-0.26363325,0.011768242,-0.012679933
40000,82,2.07168,26,20000,4935,4935,0,0,2.9e-05,0.029,0.23918508,-0.26363325,0.011768242,-0.012679933
40000,83,2.38543,11,20000,4935,4935,0,0,2.9e-05,0.029,0.23918508,-0.26363325,0.011768242,-0.012679933
40000,84,2.14131,22,20000,4935,4935,0,0,2.9e-05,0.029,0.23918508,-0.26363325,0.011768242,-0.012679933
40000,85,2.5965,8,20000,4935,4935,0,0,2.9e-05,0.029,0.23918508,-0.26363325,0.011768242,-0.012679933
40000,86,2.38029,13,20000,4935,4935,0,0,2.9e-05,0.029,0.23918508,-0.26363325,0.011768242,-0.012679933
40000,87,1.68702,41,20000,4935,4935,0,0,2.9e-05,0.029,0.23918508,-0.26363325,0.011768242,-0.012679933
40000,88,2.37792,14,20000,4935,4935,0,0,2.9e-05,0.029,0.23918508,-0.26363325,0.011768242,-0.012679933
40000,89,2.8347,4,20000,4935,4935,0,0,2.9e-05,0.029,0.23918508,-0.26363325,0.011768242,-0.012679933
40000,90,2.72626,7,20000,4935,4935,0,0,2.9e-05,0.029,0.23918508,-0.26363325,0.011768242,-0.012679933
40000,91,2.38109,12,20000,4935,4935,0,0,2.9e-05,0.029,0.23918508,-0.26363325,0.011768242,-0.012679933
40000,92,2.27905,19,20000,4935,4935,0,0,2.9e-05,0.029,0.23918508,-0.26363325,0.011768242,-0.012679933
40000,93,1.30018,57,20000,4935,4935,0,0,2.9e-05,0.029,0.23918508,-0.26363325,0.011768242,-0.012679933
40000,94,2.79059,5,20000,4935,4935,0,0,2.9e-05,0.029,0.23918508,-0.26363325,0.011768242,-0.012679933
40000,95,2.99853,1,20000,4935,4935,0,0,2.9e-05,0.029,0.23918508,-0.26363325,0.011768242,-0.012679933
40000,96,1.73118,40,20000,4935,4935,0,0,2.9e-05,0.029,0.23918508,-0.26363325,0.011768242,-0.012679933
40000,97,2.97561,3,20000,4935,4935,0,0,2.9e-05,0.029,0.23918508,-0.26363325,0.011768242,-0.012679933
40000,98,1.43907,45,20000,4935,4935,0,0,2.9e-05,0.029,0.23918508,-0.26363325,0.011768242,-0.012679933
40000,99,1.87782,35,20000,4935,4935,0,0,2.9e-05,0.029,0.23918508,-0.26363325,0.011768242,-0.012679933
40000,100,2.37384,15,20000,4935,4935,0,0,2.9e-05,0.029,0.23918508,-0.26363325,0.011768242,-0.012679933
50000,1,1.08866,67,20000,4935,4935,0,0,3.9e-05,0.039,0.34642004,-0.37262275,0.014738612,-0.011464095
50000,2,1.1667,66,20000,4935,4935,0,0,3.9e-05,0.039,0.34642004,-0.37262275,0.014738612,-0.011464095
50000,3,0.495788,97,20000,4935,4935,0,0,3.9e-05,0.039,0.34642004,-0.37262275,0.014738612,-0.011464095
50000,4,0.499588,76,20000,4935,4935,0,0,3.9e-05,0.039,0.34642004,-0.37262275,0.014738612,-0.011464095
50000,5,0.495047,99,20000,4935,4935,0,0,3.9e-05,0.039,0.34642004,-0.37262275,0.014738612,-0.011464095
50000,6,0.499025,79,20000,4935,4935,0,0,3.9e-05,0.039,0.34642004,-0.37262275,0.014738612,-0.011464095
50000,7,0.49866,82,20000,4935,4935,0,0,3.9e-05,0.039,0.34642004,-0.37262275,0.014738612,-0.011464095
50000,8,0.497376,87,20000,4935,4935,0,0,3.9e-05,0.039,0.34642004,-0.37262275,0.014738612,-0.011464095
50000,9,0.49928,77,20000,4935,4935,0,0,3.9e-05,0.039,0.34642004,-0.37262275,0.014738612,-0.011464095
50000,10,0.49913,78,20000,4935,4935,0,0,3.9e-05,0.039,0.34642004,-0.37262275,0.014738612,-0.011464095
50000,11,0.499673,75,20000,4935,4935,0,0,3.9e-05,0.039,0.34642004,-0.37262275,0.014738612,-0.011464095
50000,12,0.737989,71,20000,4935,4935,0,0,3.9e-05,0.039,0.34642004,-0.37262275,0.014738612,-0.011464095
50000,13,0.495975,94,20000,4935,4935,0,0,3.9e-05,0.039,0.34642004,-0.37262275,0.014738612,-0.011464095
50000,14,1.36874,51,20000,4935,4935,0,0,3.9e-05,0.039,0.34642004,-0.37262275,0.014738612,-0.011464095
50000,15,0.497432,86,20000,4935,4935,0,0,3.9e-05,0.039,0.34642004,-0.37262275,0.014738612,-0.011464095
50000,16,1.08112,68,20000,4935,4935,0,0,3.9e-05,0.039,0.34642004,-0.37262275,0.014738612,-0.011464095
50000,17,0.4967,89,20000,4935,4935,0,0,3.9e-05,0.039,0.34642004,-0.37262275,0.014738612,-0.011464095
50000,18,1.26186,62,20000,4935,4935,0,0,3.9e-05,0.039,0.34642004,-0.37262275,0.014738612,-0.011464095
50000,19,1.32996,55,20000,4935,4935,0,0,3.9e-05,0.039,0.34642004,-0.37262275,0.014738612,-0.011464095
50000,20,1.40911,47,20000,4935,4935,0,0,3.9e-05,0.039,0.34642004,-0.37262275,0.014738612,-0.011464095
50000,21,1.37063,50,20000,4935,4935,0,0,3.9e-05,0.039,0.34642004,-0.37262275,0.014738612,-0.011464095
50000,22,0.498642,83,20000,4935,4935,0,0,3.9e-05,0.039,0.34642004,-0.37262275,0.014738612,-0.011464095
50000,23,2.13627,23,20000,4935,4935,0,0,3.9e-05,0.039,0.34642004,-0.37262275,0.014738612,-0.011464095
50000,24,1.25594,63,20000,4935,4935,0,0,3.9e-05,0.039,0.34642004,-0.37262275,0.014738612,-0.011464095
50000,25,0.497796,84,20000,4935,4935,0,0,3.9e-05,0.039,0.34642004,-0.37262275,0.014738612,-0.011464095
50000,26,0.495706,98,20000,4935,4935,0,0,3.9e-05,0.039,0.34642004,-0.37262275,0.014738612,-0.011464095
50000,27,0.497005,88,20000,4935,4935,0,0,3.9e-05,0.039,0.34642004,-0.37262275,0.014738612,-0.011464095
50000,28,1.295,58,20000,4935,4935,0,0,3.9e-05,0.039,0.34642004,-0.37262275,0.014738612,-0.011464095
50000,29,1.208,65,20000,4935,4935,0,0,3.9e-05,0.039,0.34642004,-0.37262275,0.014738612,-0.011464095
50000,30,0.572591,72,20000,4935,4935,0,0,3.9e-05,0.039,0.34642004,-0.37262275,0.014738612,-0.011464095
50000,31,1.42902,46,20000,4935,4935,0,0,3.9e-05,0.039,0.34642004,-0.37262275,0.014738612,-0.011464095
50000,32,1.38849,49,20000,4935,4935,0,0,3.9e-05,0.039,0.34642004,-0.37262275,0.014738612,-0.011464095
50000,33,0.499948,74,20000,4935,4935,0,0,3.9e-05,0.039,0.34642004,-0.37262275,0.014738612,-0.011464095
50000,34,1.27053,60,20000,4935,4935,0,0,3.9e-05,0.039,0.34642004,-0.37262275,0.014738612,-0.011464095
50000,35,0.498918,80,20000,4935,4935,0,0,3.9e-05,0.039,0.34642004,-0.37262275,0.014738612,-0.011464095
50000,36,0.497446,85,20000,4935,4935,0,0,3.9e-05,0.039,0.34642004,-0.37262275,0.014738612,-0.011464095
50000,37,0.494964,100,20000,4935,4935,0,0,3.9e-05,0.039,0.34642004,-0.37262275,0.014738612,-0.011464095
50000,38,0.496497,92,20000,4935,4935,0,0,3.9e-05,0.039,0.34642004,-0.37262275,0.014738612,-0.011464095
50000,39,1.3484,54,20000,4935,4935,0,0,3.9e-05,0.039,0.34642004,-0.37262275,0.014738612,-0.011464095
50000,40,1.39016,48,20000,4935,4935,0,0,3.9e-05,0.039,0.34642004,-0.37262275,0.014738612,-0.011464095
50000,41,1.35498,53,20000,4935,4935,0,0,3.9e-05,0.039,0.34642004,-0.37262275,0.014738612,-0.011464095
50000,42,1.36688,52,20000,4935,4935,0,0,3.9e-05,0.039,0.34642004,-0.37262275,0.014738612,-0.011464095
50000,43,0.495987,93,20000,4935,4935,0,0,3.9e-05,0.039,0.34642004,-0.37262275,0.014738612,-0.011464095
50000,44,1.94912,32,20000,4935,4935,0,0,3.9e-05,0.039,0.34642004,-0.37262275,0.014738612,-0.011464095
50000,45,1.97247,29,20000,4935,4935,0,0,3.9e-05,0.039,0.34642004,-0.37262275,0.014738612,-0.011464095
50000,46,0.500453,73,20000,4935,4935,0,0,3.9e-05,0.039,0.34642004,-0.37262275,0.014738612,-0.011464095
50000,47,1.74808,39,20000,4935,4935,0,0,3.9e-05,0.039,0.34642004,-0.37262275,0.014738612,-0.011464095
50000,48,0.965875,70,20000,4935,4935,0,0,3.9e-05,0.039,0.34642004,-0.37262275,0.014738612,-0.011464095
50000,49,0.495827,96,20000,4935,4935,0,0,3.9e-05,0.039,0.34642004,-0.37262275,0.014738612,-0.011464095
50000,50,2.03255,28,20000,4935,4935,0,0,3.9e-05,0.039,0.34642004,-0.37262275,0.014738612,-0.011464095
50000,51,0.49596,95,20000,4935,4935,0,0,3.9e-05,0.039,0.34642004,-0.37262275,0.014738612,-0.011464095
50000,52,0.496687,90,20000,4935,4935,0,0,3.9e-05,0.039,0.34642004,-0.37262275,0.014738612,-0.011464095
50000,53,1.56076,42,20000,4935,4935,0,0,3.9e-05,0.039,0.34642004,-0.37262275,0.014738612,-0.011464095
50000,54,0.496524,91,20000,4935,4935,0,0,3.9e-05,0.039,0.34642004,-0.37262275,0.014738612,-0.011464095
50000,55,1.78581,38,20000,4935,4935,0,0,3.9e-05,0.039,0.34642004,-0.37262275,0.014738612,-0.011464095
50000,56,1.90984,34,20000,4935,4935,0,0,3.9e-05,0.039,0.34642004,-0.37262275,0.014738612,-0.011464095
50000,57,1.93279,33,20000,4935,4935,0,0,3.9e-05,0.039,0.34642004,-0.37262275,0.014738612,-0.011464095
50000,58,1.84004,37,20000,4935,4935,0,0,3.9e-05,0.039,0.34642004,-0.37262275,0.014738612,-0.011464095
50000,59,2.30584,18,20000,4935,4935,0,0,3.9e-05,0.039,0.34642004,-0.37262275,0.014738612,-0.011464095
50000,60,1.8674,36,20000,4935,4935,0,0,3.9e-05,0.039,0.34642004,-0.37262275,0.014738612,-0.011464095
50000,61,2.07564,25,20000,4935,4935,0,0,3.9e-05,0.039,0.34642004,-0.37262275,0.014738612,-0.011464095
50000,62,2.5825,9,20000,4935,4935,0,0,3.9e-05,0.039,0.34642004,-0.37262275,0.014738612,-0.011464095
50000,63,1.9674,30,20000,4935,4935,0,0,3.9e-05,0.039,0.34642004,-0.37262275,0.014738612,-0.011464095
50000,64,2.11059,24,20000,4935,4935,0,0,3.9e-05,0.039,0.34642004,-0.37262275,0.014738612,-0.011464095
50000,65,2.30774,17,20000,4935,4935,0,0,3.9e-05,0.039,0.34642004,-0.37262275,0.014738612,-0.011464095
50000,66,0.498661,81,20000,4935,4935,0,0,3.9e-05,0.039,0.34642004,-0.37262275,0.014738612,-0.011464095
50000,67,1.44008,44,20000,4935,4935,0,0,3.9e-05,0.039,0.34642004,-0.37262275,0.014738612,-0.011464095
50000,68,2.05433,27,20000,4935,4935,0,0,3.9e-05,0.039,0.34642004,-0.37262275,0.014738612,-0.011464095
50000,69,1.95284,31,20000,4935,4935,0,0,3.9e-05,0.039,0.34642004,-0.37262275,0.014738612,-0.011464095
50000,70,2.9857,2,20000,4935,4935,0,0,3.9e-05,0.039,0.34642004,-0.37262275,0.014738612,-0.011464095
50000,71,1.28118,59,20000,4935,4935,0,0,3.9e-05,0.039,0.34642004,-0.37262275,0.014738612,-0.011464095
50000,72,2.31439,16,20000,4935,4935,0,0,3.9e-05,0.039,0.34642004,-0.37262275,0.014738612,-0.011464095
50000,73,1.31206,56,20000,4935,4935,0,0,3.9e-05,0.039,0.34642004,-0.37262275,0.014738612,-0.011464095
50000,74,2.39611,10,20000,4935,4935,0,0,3.9e-05,0.039,0.34642004,-0.37262275,0.014738612,-0.011464095
50000,75,1.05233,69,20000,4935,4935,0,0,3.9e-05,0.039,0.34642004,-0.37262275,0.014738612,-0.011464095
50000,76,2.24641,21,20000,4935,4935,0,0,3.9e-05,0.039,0.34642004,-0.37262275,0.014738612,-0.011464095
50000,77,2.78437,6,20000,4935,4935,0,0,3.9e-05,0.039,0.34642004,-0.37262275,0.014738612,-0.011464095
50000,78,1.26817,61,20000,4935,4935,0,0,3.9e-05,0.039,0.34642004,-0.37262275,0.014738612,-0.011464095
50000,79,1.4832,43,20000,4935,4935,0,0,3.9e-05,0.039,0.34642004,-0.37262275,0.014738612,-0.011464095
50000,80,1.24922,64,20000,4935,4935,0,0,3.9e-05,0.039,0.34642004,-0.37262275,0.014738612,-0.011464095
50000,81,2.2642,20,20000,4935,4935,0,0,3.9e-05,0.039,0.34642004,-0.37262275,0.014738612,-0.011464095
50000,82,2.07168,26,20000,4935,4935,0,0,3.9e-05,0.039,0.34642004,-0.37262275,0.014738612,-0.011464095
50000,83,2.38543,11,20000,4935,4935,0,0,3.9e-05,0.039,0.34642004,-0.37262275,0.014738612,-0.011464095
50000,84,2.14131,22,20000,4935,4935,0,0,3.9e-05,0.039,0.34642004,-0.37262275,0.014738612,-0.011464095
50000,85,2.5965,8,20000,4935,4935,0,0,3.9e-05,0.039,0.34642004,-0.37262275,0.014738612,-0.011464095
50000,86,2.38029,13,20000,4935,4935,0,0,3.9e-05,0.039,0.34642004,-0.37262275,0.014738612,-0.011464095
50000,87,1.68702,41,20000,4935,4935,0,0,3.9e-05,0.039,0.34642004,-0.37262275,0.014738612,-0.011464095
50000,88,2.37792,14,20000,4935,4935,0,0,3.9e-05,0.039,0.34642004,-0.37262275,0.014738612,-0.011464095
50000,89,2.8347,4,20000,4935,4935,0,0,3.9e-05,0.039,0.34642004,-0.37262275,0.014738612,-0.011464095
50000,90,2.72626,7,20000,4935,4935,0,0,3.9e-05,0.039,0.34642004,-0.37262275,0.014738612,-0.011464095
50000,91,2.38109,12,20000,4935,4935,0,0,3.9e-05,0.039,0.34642004,-0.37262275,0.014738612,-0.011464095
50000,92,2.27905,19,20000,4935,4935,0,0,3.9e-05,0.039,0.34642004,-0.37262275,0.014738612,-0.011464095
50000,93,1.30018,57,20000,4935,4935,0,0,3.9e-05,0.039,0.34642004,-0.37262275,0.014738612,-0.011464095
50000,94,2.79059,5,20000,4935,4935,0,0,3.9e-05,0.039,0.34642004,-0.37262275,0.014738612,-0.011464095
50000,95,2.99853,1,20000,4935,4935,0,0,3.9e-05,0.039,0.34642004,-0.37262275,0.014738612,-0.011464095
50000,96,1.73118,40,20000,4935,4935,0,0,3.9e-05,0.039,0.34642004,-0.37262275,0.014738612,-0.011464095
50000,97,2.97561,3,20000,4935,4935,0,0,3.9e-05,0.039,0.34642004,-0.37262275,0.014738612,-0.011464095
50000,98,1.43907,45,20000,4935,4935,0,0,3.9e-05,0.039,0.34642004,-0.37262275,0.014738612,-0.011464095
50000,99,1.87782,35,20000,4935,4935,0,0,3.9e-05,0.039,0.34642004,-0.37262275,0.014738612,-0.011464095
50000,100,2.37384,15,20000,4935,4935,0,0,3.9e-05,0.039,0.34642004,-0.37262275,0.014738612,-0.011464095
60000,1,1.08866,67,20000,4935,4935,0,0,4.9e-05,0.049,0.4870873,-0.53300605,0.0079071535,-0.038011594
60000,2,1.1667,66,20000,4935,4935,0,0,4.9e-05,0.049,0.4870873,-0.53300605,0.0079071535,-0.038011594
60000,3,0.495788,97,20000,4935,4935,0,0,4.9e-05,0.049,0.4870873,-0.53300605,0.0079071535,-0.038011594
60000,4,0.499588,76,20000,4935,4935,0,0,4.9e-05,0.049,0.4870873,-0.53300605,0.0079071535,-0.038011594
60000,5,0.495047,99,20000,4935,4935,0,0,4.9e-05,0.049,0.4870873,-0.53300605,0.0079071535,-0.038011594
60000,6,0.499025,79,20000,4935,4935,0,0,4.9e-05,0.049,0.4870873,-0.53300605,0.0079071535,-0.038011594
60000,7,0.49866,82,20000,4935,4935,0,0,4.9e-05,0.049,0.4870873,-0.53300605,0.0079071535,-0.038011594
60000,8,0.497376,87,20000,4935,4935,0,0,4.9e-05,0.049,0.4870873,-0.53300605,0.0079071535,-0.038011594
60000,9,0.49928,77,20000,4935,4935,0,0,4.9e-05,0.049,0.4870873,-0.53300605,0.0079071535,-0.038011594
60000,10,0.49913,78,20000,4935,4935,0,0,4.9e-05,0.049,0.4870873,-0.53300605,0.0079071535,-0.038011594
60000,11,0.499673,75,20000,4935,4935,0,0,4.9e-05,0.049,0.4870873,-0.53300605,0.0079071535,-0.038011594
60000,12,0.737989,71,20000,4935,4935,0,0,4.9e-05,0.049,0.4870873,-0.53300605,0.0079071535,-0.038011594
60000,13,0.495975,94,20000,4935,4935,0,0,4.9e-05,0.049,0.4870873,-0.53300605,0.0079071535,-0.038011594
60000,14,1.36874,51,20000,4935,4935,0,0,4.9e-05,0.049,0.4870873,-0.53300605,0.0079071535,-0.038011594
60000,15,0.497432,86,20000,4935,4935,0,0,4.9e-05,0.049,0.4870873,-0.53300605,0.0079071535,-0.038011594
60000,16,1.08112,68,20000,4935,4935,0,0,4.9e-05,0.049,0.4870873,-0.53300605,0.0079071535,-0.038011594
60000,17,0.4967,89,20000,4935,4935,0,0,4.9e-05,0.049,0.4870873,-0.53300605,0.0079071535,-0.038011594
60000,18,1.26186,62,20000,4935,4935,0,0,4.9e-05,0.049,0.4870873,-0.53300605,0.0079071535,-0.038011594
60000,19,1.32996,55,20000,4935,4935,0,0,4.9e-05,0.049,0.4870873,-0.53300605,0.0079071535,-0.038011594
60000,20,1.40911,47,20000,4935,4935,0,0,4.9e-05,0.049,0.4870873,-0.53300605,0.0079071535,-0.038011594
60000,21,1.37063,50,20000,4935,4935,0,0,4.9e-05,0.049,0.4870873,-0.53300605,0.0079071535,-0.038011594
60000,22,0.498642,83,20000,4935,4935,0,0,4.9e-05,0.049,0.4870873,-0.53300605,0.0079071535,-0.038011594
60000,23,2.13627,23,20000,4935,4935,0,0,4.9e-05,0.049,0.4870873,-0.53300605,0.0079071535,-0.038011594
60000,24,1.25594,63,20000,4935,4935,0,0,4.9e-05,0.049,0.4870873,-0.53300605,0.0079071535,-0.038011594
60000,25,0.497796,84,20000,4935,4935,0,0,4.9e-05,0.049,0.4870873,-0.53300605,0.0079071535,-0.038011594
60000,26,0.495706,98,20000,4935,4935,0,0,4.9e-05,0.049,0.4870873,-0.53300605,0.0079071535,-0.038011594
60000,27,0.497005,88,20000,4935,4935,0,0,4.9e-05,0.049,0.4870873,-0.53300605,0.0079071535,-0.038011594
60000,28,1.295,58,20000,4935,4935,0,0,4.9e-05,0.049,0.4870873,-0.53300605,0.0079071535,-0.038011594
60000,29,1.208,65,20000,4935,4935,0,0,4.9e-05,0.049,0.4870873,-0.53300605,0.0079071535,-0.038011594
60000,30,0.572591,72,20000,4935,4935,0,0,4.9e-05,0.049,0.4870873,-0.53300605,0.0079071535,-0.038011594
60000,31,1.42902,46,20000,4935,4935,0,0,4.9e-05,0.049,0.4870873,-0.53300605,0.0079071535,-0.038011594
60000,32,1.38849,49,20000,4935,4935,0,0,4.9e-05,0.049,0.4870873,-0.53300605,0.0079071535,-0.038011594
60000,33,0.499948,74,20000,4935,4935,0,0,4.9e-05,0.049,0.4870873,-0.53300605,0.0079071535,-0.038011594
60000,34,1.27053,60,20000,4935,4935,0,0,4.9e-05,0.049,0.4870873,-0.53300605,0.0079071535,-0.038011594
60000,35,0.498918,80,20000,4935,4935,0,0,4.9e-05,0.049,0.4870873,-0.53300605,0.0079071535,-0.038011594
60000,36,0.497446,85,20000,4935,4935,0,0,4.9e-05,0.049,0.4870873,-0.53300605,0.0079071535,-0.038011594
60000,37,0.494964,100,20000,4935,4935,0,0,4.9e-05,0.049,0.4870873,-0.53300605,0.0079071535,-0.038011594
60000,38,0.496497,92,20000,4935,4935,0,0,4.9e-05,0.049,0.4870873,-0.53300605,0.0079071535,-0.038011594
60000,39,1.3484,54,20000,4935,4935,0,0,4.9e-05,0.049,0.4870873,-0.53300605,0.0079071535,-0.038011594
60000,40,1.39016,48,20000,4935,4935,0,0,4.9e-05,0.049,0.4870873,-0.53300605,0.0079071535,-0.038011594
60000,41,1.35498,53,20000,4935,4935,0,0,4.9e-05,0.049,0.4870873,-0.53300605,0.0079071535,-0.038011594
60000,42,1.36688,52,20000,4935,4935,0,0,4.9e-05,0.049,0.4870873,-0.53300605,0.0079071535,-0.038011594
60000,43,0.495987,93,20000,4935,4935,0,0,4.9e-05,0.049,0.4870873,-0.53300605,0.0079071535,-0.038011594
60000,44,1.94912,32,20000,4935,4935,0,0,4.9e-05,0.049,0.4870873,-0.53300605,0.0079071535,-0.038011594
60000,45,1.97247,29,20000,4935,4935,0,0,4.9e-05,0.049,0.4870873,-0.53300605,0.0079071535,-0.038011594
60000,46,0.500453,73,20000,4935,4935,0,0,4.9e-05,0.049,0.4870873,-0.53300605,0.0079071535,-0.038011594
60000,47,1.74808,39,20000,4935,4935,0,0,4.9e-05,0.049,0.4870873,-0.53300605,0.0079071535,-0.038011594
60000,48,0.965875,70,20000,4935,4935,0,0,4.9e-05,0.049,0.4870873,-0.53300605,0.0079071535,-0.038011594
60000,49,0.495827,96,20000,4935,4935,0,0,4.9e-05,0.049,0.4870873,-0.53300605,0.0079071535,-0.038011594
60000,50,2.03255,28,20000,4935,4935,0,0,4.9e-05,0.049,0.4870873,-0.53300605,0.0079071535,-0.038011594
60000,51,0.49596,95,20000,4935,4935,0,0,4.9e-05,0.049,0.4870873,-0.53300605,0.0079071535,-0.038011594
60000,52,0.496687,90,20000,4935,4935,0,0,4.9e-05,0.049,0.4870873,-0.53300605,0.0079071535,-0.038011594
60000,53,1.56076,42,20000,4935,4935,0,0,4.9e-05,0.049,0.4870873,-0.53300605,0.0079071535,-0.038011594
60000,54,0.496524,91,20000,4935,4935,0,0,4.9e-05,0.049,0.4870873,-0.53300605,0.0079071535,-0.038011594
60000,55,1.78581,38,20000,4935,4935,0,0,4.9e-05,0.049,0.4870873,-0.53300605,0.0079071535,-0.038011594
60000,56,1.90984,34,20000,4935,4935,0,0,4.9e-05,0.049,0.4870873,-0.53300605,0.0079071535,-0.038011594
60000,57,1.93279,33,20000,4935,4935,0,0,4.9e-05,0.049,0.4870873,-0.53300605,0.0079071535,-0.038011594
60000,58,1.84004,37,20000,4935,4935,0,0,4.9e-05,0.049,0.4870873,-0.53300605,0.0079071535,-0.038011594
60000,59,2.30584,18,20000,4935,4935,0,0,4.9e-05,0.049,0.4870873,-0.53300605,0.0079071535,-0.038011594
60000,60,1.8674,36,20000,4935,4935,0,0,4.9e-05,0.049,0.4870873,-0.53300605,0.0079071535,-0.038011594
60000,61,2.07564,25,20000,4935,4935,0,0,4.9e-05,0.049,0.4870873,-0.53300605,0.0079071535,-0.038011594
60000,62,2.5825,9,20000,4935,4935,0,0,4.9e-05,0.049,0.4870873,-0.53300605,0.0079071535,-0.038011594
60000,63,1.9674,30,20000,4935,4935,0,0,4.9e-05,0.049,0.4870873,-0.53300605,0.0079071535,-0.038011594
60000,64,2.11059,24,20000,4935,4935,0,0,4.9e-05,0.049,0.4870873,-0.53300605,0.0079071535,-0.038011594
60000,65,2.30774,17,20000,4935,4935,0,0,4.9e-05,0.049,0.4870873,-0.53300605,0.0079071535,-0.038011594
60000,66,0.498661,81,20000,4935,4935,0,0,4.9e-05,0.049,0.4870873,-0.53300605,0.0079071535,-0.038011594
60000,67,1.44008,44,20000,4935,4935,0,0,4.9e-05,0.049,0.4870873,-0.53300605,0.0079071535,-0.038011594
60000,68,2.05433,27,20000,4935,4935,0,0,4.9e-05,0.049,0.4870873,-0.53300605,0.0079071535,-0.038011594
60000,69,1.95284,31,20000,4935,4935,0,0,4.9e-05,0.049,0.4870873,-0.53300605,0.0079071535,-0.038011594
60000,70,2.9857,2,20000,4935,4935,0,0,4.9e-05,0.049,0.4870873,-0.53300605,0.0079071535,-0.038011594
60000,71,1.28118,59,20000,4935,4935,0,0,4.9e-05,0.049,0.4870873,-0.53300605,0.0079071535,-0.038011594
60000,72,2.31439,16,20000,4935,4935,0,0,4.9e-05,0.049,0.4870873,-0.53300605,0.0079071535,-0.038011594
60000,73,1.31206,56,20000,4935,4935,0,0,4.9e-05,0.049,0.4870873,-0.53300605,0.0079071535,-0.038011594
60000,74,2.39611,10,20000,4935,4935,0,0,4.9e-05,0.049,0.4870873,-0.53300605,0.0079071535,-0.038011594
60000,75,1.05233,69,20000,4935,4935,0,0,4.9e-05,0.049,0.4870873,-0.53300605,0.0079071535,-0.038011594
60000,76,2.24641,21,20000,4935,4935,0,0,4.9e-05,0.049,0.4870873,-0.53300605,0.0079071535,-0.038011594
60000,77,2.78437,6,20000,4935,4935,0,0,4.9e-05,0.049,0.4870873,-0.53300605,0.0079071535,-0.038011594
60000,78,1.26817,61,20000,4935,4935,0,0,4.9e-05,0.049,0.4870873,-0.53300605,0.0079071535,-0.038011594
60000,79,1.4832,43,20000,4935,4935,0,0,4.9e-05,0.049,0.4870873,-0.53300605,0.0079071535,-0.038011594
60000,80,1.24922,64,20000,4935,4935,0,0,4.9e-05,0.049,0.4870873,-0.53300605,0.0079071535,-0.038011594
60000,81,2.2642,20,20000,4935,4935,0,0,4.9e-05,0.049,0.4870873,-0.53300605,0.0079071535,-0.038011594
60000,82,2.07168,26,20000,4935,4935,0,0,4.9e-05,0.049,0.4870873,-0.53300605,0.0079071535,-0.038011594
60000,83,2.38543,11,20000,4935,4935,0,0,4.9e-05,0.049,0.4870873,-0.53300605,0.0079071535,-0.038011594
60000,84,2.14131,22,20000,4935,4935,0,0,4.9e-05,0.049,0.4870873,-0.53300605,0.0079071535,-0.038011594
60000,85,2.5965,8,20000,4935,4935,0,0,4.9e-05,0.049,0.4870873,-0.53300605,0.0079071535,-0.038011594
60000,86,2.38029,13,20000,4935,4935,0,0,4.9e-05,0.049,0.4870873,-0.53300605,0.0079071535,-0.038011594
60000,87,1.68702,41,20000,4935,4935,0,0,4.9e-05,0.049,0.4870873,-0.53300605,0.0079071535,-0.038011594
60000,88,2.37792,14,20000,4935,4935,0,0,4.9e-05,0.049,0.4870873,-0.53300605,0.0079071535,-0.038011594
60000,89,2.8347,4,20000,4935,4935,0,0,4.9e-05,0.049,0.4870873,-0.53300605,0.0079071535,-0.038011594
60000,90,2.72626,7,20000,4935,4935,0,0,4.9e-05,0.049,0.4870873,-0.53300605,0.0079071535,-0.038011594
60000,91,2.38109,12,20000,4935,4935,0,0,4.9e-05,0.049,0.4870873,-0.53300605,0.0079071535,-0.038011594
60000,92,2.27905,19,20000,4935,4935,0,0,4.9e-05,0.049,0.4870873,-0.53300605,0.0079071535,-0.038011594
60000,93,1.30018,57,20000,4935,4935,0,0,4.9e-05,0.049,0.4870873,-0.53300605,0.0079071535,-0.038011594
60000,94,2.79059,5,20000,4935,4935,0,0,4.9e-05,0.049,0.4870873,-0.53300605,0.0079071535,-0.038011594
60000,95,2.99853,1,20000,4935,4935,0,0,4.9e-05,0.049,0.4870873,-0.53300605,0.0079071535,-0.038011594
60000,96,1.73118,40,20000,4935,4935,0,0,4.9e-05,0.049,0.4870873,-0.53300605,0.0079071535,-0.038011594
60000,97,2.97561,3,20000,4935,4935,0,0,4.9e-05,0.049,0.4870873,-0.53300605,0.0079071535,-0.038011594
60000,98,1.43907,45,20000,4935,4935,0,0,4.9e-05,0.049,0.4870873,-0.53300605,0.0079071535,-0.038011594
60000,99,1.87782,35,20000,4935,4935,0,0,4.9e-05,0.049,0.4870873,-0.53300605,0.0079071535,-0.038011594
60000,100,2.37384,15,20000,4935,4935,0,0,4.9e-05,0.049,0.4870873,-0.53300605,0.0079071535,-0.038011594
70000,1,1.08866,67,20000,4935,4935,0,0,5.9e-05,0.059,0.21878197,-0.16857865,0.0046658312,0.054869145
70000,2,1.1667,66,20000,4935,4935,0,0,5.9e-05,0.059,0.21878197,-0.16857865,0.0046658312,0.054869145
70000,3,0.495788,97,20000,4935,4935,0,0,5.9e-05,0.059,0.21878197,-0.16857865,0.0046658312,0.054869145
70000,4,0.499588,76,20000,4935,4935,0,0,5.9e-05,0.059,0.21878197,-0.16857865,0.0046658312,0.054869145
70000,5,0.495047,99,20000,4935,4935,0,0,5.9e-05,0.059,0.21878197,-0.16857865,0.0046658312,0.054869145
70000,6,0.499025,79,20000,4935,4935,0,0,5.9e-05,0.059,0.21878197,-0.16857865,0.0046658312,0.054869145
70000,7,0.49866,82,20000,4935,4935,0,0,5.9e-05,0.059,0.21878197,-0.16857865,0.0046658312,0.054869145
70000,8,0.497376,87,20000,4935,4935,0,0,5.9e-05,0.059,0.21878197,-0.16857865,0.0046658312,0.054869145
70000,9,0.49928,77,20000,4935,4935,0,0,5.9e-05,0.059,0.21878197,-0.16857865,0.0046658312,0.054869145
70000,10,0.49913,78,20000,4935,4935,0,0,5.9e-05,0.059,0.21878197,-0.16857865,0.0046658312,0.054869145
70000,11,0.499673,75,20000,4935,4935,0,0,5.9e-05,0.059,0.21878197,-0.16857865,0.0046658312,0.054869145
70000,12,0.737989,71,20000,4935,4935,0,0,5.9e-05,0.059,0.21878197,-0.16857865,0.0046658312,0.054869145
70000,13,0.495975,94,20000,4935,4935,0,0,5.9e-05,0.059,0.21878197,-0.16857865,0.0046658312,0.054869145
70000,14,1.36874,51,20000,4935,4935,0,0,5.9e-05,0.059,0.21878197,-0.16857865,0.0046658312,0.054869145
70000,15,0.497432,86,20000,4935,4935,0,0,5.9e-05,0.059,0.21878197,-0.16857865,0.0046658312,0.054869145
70000,16,1.08112,68,20000,4935,4935,0,0,5.9e-05,0.059,0.21878197,-0.16857865,0.0046658312,0.054869145
70000,17,0.4967,89,20000,4935,4935,0,0,5.9e-05,0.059,0.21878197,-0.16857865,0.0046658312,0.054869145
70000,18,1.26186,62,20000,4935,4935,0,0,5.9e-05,0.059,0.21878197,-0.16857865,0.0046658312,0.054869145
70000,19,1.32996,55,20000,4935,4935,0,0,5.9e-05,0.059,0.21878197,-0.16857865,0.0046658312,0.054869145
70000,20,1.40911,47,20000,4935,4935,0,0,5.9e-05,0.059,0.21878197,-0.16857865,0.0046658312,0.054869145
70000,21,1.37063,50,20000,4935,4935,0,0,5.9e-05,0.059,0.21878197,-0.16857865,0.0046658312,0.054869145
70000,22,0.498642,83,20000,4935,4935,0,0,5.9e-05,0.059,0.21878197,-0.16857865,0.0046658312,0.054869145
70000,23,2.13627,23,20000,4935,4935,0,0,5.9e-05,0.059,0.21878197,-0.16857865,0.0046658312,0.054869145
70000,24,1.25594,63,20000,4935,4935,0,0,5.9e-05,0.059,0.21878197,-0.16857865,0.0046658312,0.054869145
70000,25,0.497796,84,20000,4935,4935,0,0,5.9e-05,0.059,0.21878197,-0.16857865,0.0046658312,0.054869145
70000,26,0.495706,98,20000,4935,4935,0,0,5.9e-05,0.059,0.21878197,-0.16857865,0.0046658312,0.054869145
70000,27,0.497005,88,20000,4935,4935,0,0,5.9e-05,0.059,0.21878197,-0.16857865,0.0046658312,0.054869145
70000,28,1.295,58,20000,4935,4935,0,0,5.9e-05,0.059,0.21878197,-0.16857865,0.0046658312,0.054869145
70000,29,1.208,65,20000,4935,4935,0,0,5.9e-05,0.059,0.21878197,-0.16857865,0.0046658312,0.054869145
70000,30,0.572591,72,20000,4935,4935,0,0,5.9e-05,0.059,0.21878197,-0.16857865,0.0046658312,0.054869145
70000,31,1.42902,46,20000,4935,4935,0,0,5.9e-05,0.059,0.21878197,-0.16857865,0.0046658312,0.054869145
70000,32,1.38849,49,20000,4935,4935,0,0,5.9e-05,0.059,0.21878197,-0.16857865,0.0046658312,0.054869145
70000,33,0.499948,74,20000,4935,4935,0,0,5.9e-05,0.059,0.21878197,-0.16857865,0.0046658312,0.054869145
70000,34,1.27053,60,20000,4935,4935,0,0,5.9e-05,0.059,0.21878197,-0.16857865,0.0046658312,0.054869145
70000,35,0.498918,80,20000,4935,4935,0,0,5.9e-05,0.059,0.21878197,-0.16857865,0.0046658312,0.054869145
70000,36,0.497446,85,20000,4935,4935,0,0,5.9e-05,0.059,0.21878197,-0.16857865,0.0046658312,0.054869145
70000,37,0.494964,100,20000,4935,4935,0,0,5.9e-05,0.059,0.21878197,-0.16857865,0.0046658312,0.054869145
70000,38,0.496497,92,20000,4935,4935,0,0,5.9e-05,0.059,0.21878197,-0.16857865,0.0046658312,0.054869145
70000,39,1.3484,54,20000,4935,4935,0,0,5.9e-05,0.059,0.21878197,-0.16857865,0.0046658312,0.054869145
70000,40,1.39016,48,20000,4935,4935,0,0,5.9e-05,0.059,0.21878197,-0.16857865,0.0046658312,0.054869145
70000,41,1.35498,53,20000,4935,4935,0,0,5.9e-05,0.059,0.21878197,-0.16857865,0.0046658312,0.054869145
70000,42,1.36688,52,20000,4935,4935,0,0,5.9e-05,0.059,0.21878197,-0.16857865,0.0046658312,0.054869145
70000,43,0.495987,93,20000,4935,4935,0,0,5.9e-05,0.059,0.21878197,-0.16857865,0.0046658312,0.054869145
70000,44,1.94912,32,20000,4935,4935,0,0,5.9e-05,0.059,0.21878197,-0.16857865,0.0046658312,0.054869145
70000,45,1.97247,29,20000,4935,4935,0,0,5.9e-05,0.059,0.21878197,-0.16857865,0.0046658312,0.054869145
70000,46,0.500453,73,20000,4935,4935,0,0,5.9e-05,0.059,0.21878197,-0.16857865,0.0046658312,0.054869145
70000,47,1.74808,39,20000,4935,4935,0,0,5.9e-05,0.059,0.21878197,-0.16857865,0.0046658312,0.054869145
70000,48,0.965875,70,20000,4935,4935,0,0,5.9e-05,0.059,0.21878197,-0.16857865,0.0046658312,0.054869145
70000,49,0.495827,96,20000,4935,4935,0,0,5.9e-05,0.059,0.21878197,-0.16857865,0.0046658312,0.054869145
70000,50,2.03255,28,20000,4935,4935,0,0,5.9e-05,0.059,0.21878197,-0.16857865,0.0046658312,0.054869145
70000,51,0.49596,95,20000,4935,4935,0,0,5.9e-05,0.059,0.21878197,-0.16857865,0.0046658312,0.054869145
70000,52,0.496687,90,20000,4935,4935,0,0,5.9e-05,0.059,0.21878197,-0.16857865,0.0046658312,0.054869145
70000,53,1.56076,42,20000,4935,4935,0,0,5.9e-05,0.059,0.21878197,-0.16857865,0.0046658312,0.054869145
70000,54,0.496524,91,20000,4935,4935,0,0,5.9e-05,0.059,0.21878197,-0.16857865,0.0046658312,0.054869145
70000,55,1.78581,38,20000,4935,4935,0,0,5.9e-05,0.059,0.21878197,-0.16857865,0.0046658312,0.054869145
70000,56,1.90984,34,20000,4935,4935,0,0,5.9e-05,0.059,0.21878197,-0.16857865,0.0046658312,0.054869145
70000,57,1.93279,33,20000,4935,4935,0,0,5.9e-05,0.059,0.21878197,-0.16857865,0.0046658312,0.054869145
70000,58,1.84004,37,20000,4935,4935,0,0,5.9e-05,0.059,0.21878197,-0.16857865,0.0046658312,0.054869145
70000,59,2.30584,18,20000,4935,4935,0,0,5.9e-05,0.059,0.21878197,-0.16857865,0.0046658312,0.054869145
70000,60,1.8674,36,20000,4935,4935,0,0,5.9e-05,0.059,0.21878197,-0.16857865,0.0046658312,0.054869145
70000,61,2.07564,25,20000,4935,4935,0,0,5.9e-05,0.059,0.21878197,-0.16857865,0.0046658312,0.054869145
70000,62,2.5825,9,20000,4935,4935,0,0,5.9e-05,0.059,0.21878197,-0.16857865,0.0046658312,0.054869145
70000,63,1.9674,30,20000,4935,4935,0,0,5.9e-05,0.059,0.21878197,-0.16857865,0.0046658312,0.054869145
70000,64,2.11059,24,20000,4935,4935,0,0,5.9e-05,0.059,0.21878197,-0.16857865,0.0046658312,0.054869145
70000,65,2.30774,17,20000,4935,4935,0,0,5.9e-05,0.059,0.21878197,-0.16857865,0.0046658312,0.054869145
70000,66,0.498661,81,20000,4935,4935,0,0,5.9e-05,0.059,0.21878197,-0.16857865,0.0046658312,0.054869145
70000,67,1.44008,44,20000,4935,4935,0,0,5.9e-05,0.059,0.21878197,-0.16857865,0.0046658312,0.054869145
70000,68,2.05433,27,20000,4935,4935,0,0,5.9e-05,0.059,0.21878197,-0.16857865,0.0046658312,0.054869145
70000,69,1.95284,31,20000,4935,4935,0,0,5.9e-05,0.059,0.21878197,-0.16857865,0.0046658312,0.054869145
70000,70,2.9857,2,20000,4935,4930,5,5,5.9e-05,0.059,0.21878197,-0.16857865,0.0046658312,0.054869145
70000,71,1.28118,59,20000,4935,4935,0,0,5.9e-05,0.059,0.21878197,-0.16857865,0.0046658312,0.054869145
70000,72,2.31439,16,20000,4935,4935,0,0,5.9e-05,0.059,0.21878197,-0.16857865,0.0046658312,0.054869145
70000,73,1.31206,56,20000,4935,4935,0,0,5.9e-05,0.059,0.21878197,-0.16857865,0.0046658312,0.054869145
70000,74,2.39611,10,20000,4935,4935,0,0,5.9e-05,0.059,0.21878197,-0.16857865,0.0046658312,0.054869145
70000,75,1.05233,69,20000,4935,4935,0,0,5.9e-05,0.059,0.21878197,-0.16857865,0.0046658312,0.054869145
70000,76,2.24641,21,20000,4935,4935,0,0,5.9e-05,0.059,0.21878197,-0.16857865,0.0046658312,0.054869145
70000,77,2.78437,6,20000,4935,4935,0,0,5.9e-05,0.059,0.21878197,-0.16857865,0.0046658312,0.054869145
70000,78,1.26817,61,20000,4935,4935,0,0,5.9e-05,0.059,0.21878197,-0.16857865,0.0046658312,0.054869145
70000,79,1.4832,43,20000,4935,4935,0,0,5.9e-05,0.059,0.21878197,-0.16857865,0.0046658312,0.054869145
70000,80,1.24922,64,20000,4935,4935,0,0,5.9e-05,0.059,0.21878197,-0.16857865,0.0046658312,0.054869145
70000,81,2.2642,20,20000,4935,4935,0,0,5.9e-05,0.059,0.21878197,-0.16857865,0.0046658312,0.054869145
70000,82,2.07168,26,20000,4935,4935,0,0,5.9e-05,0.059,0.21878197,-0.16857865,0.0046658312,0.054869145
70000,83,2.38543,11,20000,4935,4935,0,0,5.9e-05,0.059,0.21878197,-0.16857865,0.0046658312,0.054869145
70000,84,2.14131,22,20000,4935,4935,0,0,5.9e-05,0.059,0.21878197,-0.16857865,0.0046658312,0.054869145
70000,85,2.5965,8,20000,4935,4935,0,0,5.9e-05,0.059,0.21878197,-0.16857865,0.0046658312,0.054869145
70000,86,2.38029,13,20000,4935,4935,0,0,5.9e-05,0.059,0.21878197,-0.16857865,0.0046658312,0.054869145
70000,87,1.68702,41,20000,4935,4935,0,0,5.9e-05,0.059,0.21878197,-0.16857865,0.0046658312,0.054869145
70000,88,2.37792,14,20000,4935,4935,0,0,5.9e-05,0.059,0.21878197,-0.16857865,0.0046658312,0.054869145
70000,89,2.8347,4,20000,4935,4935,0,0,5.9e-05,0.059,0.21878197,-0.16857865,0.0046658312,0.054869145
70000,90,2.72626,7,20000,4935,4935,0,0,5.9e-05,0.059,0.21878197,-0.16857865,0.0046658312,0.054869145
70000,91,2.38109,12,20000,4935,4935,0,0,5.9e-05,0.059,0.21878197,-0.16857865,0.0046658312,0.054869145
70000,92,2.27905,19,20000,4935,4935,0,0,5.9e-05,0.059,0.21878197,-0.16857865,0.0046658312,0.054869145
70000,93,1.30018,57,20000,4935,4935,0,0,5.9e-05,0.059,0.21878197,-0.16857865,0.0046658312,0.054869145
70000,94,2.79059,5,20000,4935,4935,0,0,5.9e-05,0.059,0.21878197,-0.16857865,0.0046658312,0.054869145
70000,95,2.99853,1,20000,4935,4935,0,0,5.9e-05,0.059,0.21878197,-0.16857865,0.0046658312,0.054869145
70000,96,1.73118,40,20000,4935,4935,0,0,5.9e-05,0.059,0.21878197,-0.16857865,0.0046658312,0.054869145
70000,97,2.97561,3,20000,4935,4930,5,5,5.9e-05,0.059,0.21878197,-0.16857865,0.0046658312,0.054869145
70000,98,1.43907,45,20000,4935,4935,0,0,5.9e-05,0.059,0.21878197,-0.16857865,0.0046658312,0.054869145
70000,99,1.87782,35,20000,4935,4935,0,0,5.9e-05,0.059,0.21878197,-0.16857865,0.0046658312,0.054869145
70000,100,2.37384,15,20000,4935,4935,0,0,5.9e-05,0.059,0.21878197,-0.16857865,0.0046658312,0.054869145
70001,1,1.08866,67,20000,4935,4935,0,0,6e-05,0.060000000000000005,0.64949435,-0.50564132,0.013577037,0.15743007
70001,2,1.1667,66,20000,4935,4935,0,0,6e-05,0.060000000000000005,0.64949435,-0.50564132,0.013577037,0.15743007
70001,3,0.495788,97,20000,4935,4935,0,0,6e-05,0.060000000000000005,0.64949435,-0.50564132,0.013577037,0.15743007
70001,4,0.499588,76,20000,4935,4935,0,0,6e-05,0.060000000000000005,0.64949435,-0.50564132,0.013577037,0.15743007
70001,5,0.495047,99,20000,4935,4935,0,0,6e-05,0.060000000000000005,0.64949435,-0.50564132,0.013577037,0.15743007
70001,6,0.499025,79,20000,4935,4935,0,0,6e-05,0.060000000000000005,0.64949435,-0.50564132,0.013577037,0.15743007
70001,7,0.49866,82,20000,4935,4935,0,0,6e-05,0.060000000000000005,0.64949435,-0.50564132,0.013577037,0.15743007
70001,8,0.497376,87,20000,4935,4935,0,0,6e-05,0.060000000000000005,0.64949435,-0.50564132,0.013577037,0.15743007
70001,9,0.49928,77,20000,4935,4935,0,0,6e-05,0.060000000000000005,0.64949435,-0.50564132,0.013577037,0.15743007
70001,10,0.49913,78,20000,4935,4935,0,0,6e-05,0.060000000000000005,0.64949435,-0.50564132,0.013577037,0.15743007
70001,11,0.499673,75,20000,4935,4935,0,0,6e-05,0.060000000000000005,0.64949435,-0.50564132,0.013577037,0.15743007
70001,12,0.737989,71,20000,4935,4935,0,0,6e-05,0.060000000000000005,0.64949435,-0.50564132,0.013577037,0.15743007
70001,13,0.495975,94,20000,4935,4935,0,0,6e-05,0.060000000000000005,0.64949435,-0.50564132,0.013577037,0.15743007
70001,14,1.36874,51,20000,4935,4935,0,0,6e-05,0.060000000000000005,0.64949435,-0.50564132,0.013577037,0.15743007
70001,15,0.497432,86,20000,4935,4935,0,0,6e-05,0.060000000000000005,0.64949435,-0.50564132,0.013577037,0.15743007
70001,16,1.08112,68,20000,4935,4935,0,0,6e-05,0.060000000000000005,0.64949435,-0.50564132,0.013577037,0.15743007
70001,17,0.4967,89,20000,4935,4935,0,0,6e-05,0.060000000000000005,0.64949435,-0.50564132,0.013577037,0.15743007
70001,18,1.26186,62,20000,4935,4935,0,0,6e-05,0.060000000000000005,0.64949435,-0.50564132,0.013577037,0.15743007
70001,19,1.32996,55,20000,4935,4935,0,0,6e-05,0.060000000000000005,0.64949435,-0.50564132,0.013577037,0.15743007
70001,20,1.40911,47,20000,4935,4935,0,0,6e-05,0.060000000000000005,0.64949435,-0.50564132,0.013577037,0.15743007
70001,21,1.37063,50,20000,4935,4935,0,0,6e-05,0.060000000000000005,0.64949435,-0.50564132,0.013577037,0.15743007
70001,22,0.498642,83,20000,4935,4935,0,0,6e-05,0.060000000000000005,0.64949435,-0.50564132,0.013577037,0.15743007
70001,23,2.13627,23,20000,4935,4935,0,0,6e-05,0.060000000000000005,0.64949435,-0.50564132,0.013577037,0.15743007
70001,24,1.25594,63,20000,4935,4935,0,0,6e-05,0.060000000000000005,0.64949435,-0.50564132,0.013577037,0.15743007
70001,25,0.497796,84,20000,4935,4935,0,0,6e-05,0.060000000000000005,0.64949435,-0.50564132,0.013577037,0.15743007
70001,26,0.495706,98,20000,4935,4935,0,0,6e-05,0.060000000000000005,0.64949435,-0.50564132,0.013577037,0.15743007
70001,27,0.497005,88,20000,4935,4935,0,0,6e-05,0.060000000000000005,0.64949435,-0.50564132,0.013577037,0.15743007
70001,28,1.295,58,20000,4935,4935,0,0,6e-05,0.060000000000000005,0.64949435,-0.50564132,0.013577037,0.15743007
70001,29,1.208,65,20000,4935,4935,0,0,6e-05,0.060000000000000005,0.64949435,-0.50564132,0.013577037,0.15743007
70001,30,0.572591,72,20000,4935,4935,0,0,6e-05,0.060000000000000005,0.64949435,-0.50564132,0.013577037,0.15743007
70001,31,1.42902,46,20000,4935,4935,0,0,6e-05,0.060000000000000005,0.64949435,-0.50564132,0.013577037,0.15743007
70001,32,1.38849,49,20000,4935,4935,0,0,6e-05,0.060000000000000005,0.64949435,-0.50564132,0.013577037,0.15743007
70001,33,0.499948,74,20000,4935,4935,0,0,6e-05,0.060000000000000005,0.64949435,-0.50564132,0.013577037,0.15743007
70001,34,1.27053,60,20000,4935,4935,0,0,6e-05,0.060000000000000005,0.64949435,-0.50564132,0.013577037,0.15743007
70001,35,0.498918,80,20000,4935,4935,0,0,6e-05,0.060000000000000005,0.64949435,-0.50564132,0.013577037,0.15743007
70001,36,0.497446,85,20000,4935,4935,0,0,6e-05,0.060000000000000005,0.64949435,-0.50564132,0.013577037,0.15743007
70001,37,0.494964,100,20000,4935,4935,0,0,6e-05,0.060000000000000005,0.64949435,-0.50564132,0.013577037,0.15743007
70001,38,0.496497,92,20000,4935,4935,0,0,6e-05,0.060000000000000005,0.64949435,-0.50564132,0.013577037,0.15743007
70001,39,1.3484,54,20000,4935,4935,0,0,6e-05,0.060000000000000005,0.64949435,-0.50564132,0.013577037,0.15743007
70001,40,1.39016,48,20000,4935,4935,0,0,6e-05,0.060000000000000005,0.64949435,-0.50564132,0.013577037,0.15743007
70001,41,1.35498,53,20000,4935,4935,0,0,6e-05,0.060000000000000005,0.64949435,-0.50564132,0.013577037,0.15743007
70001,42,1.36688,52,20000,4935,4935,0,0,6e-05,0.060000000000000005,0.64949435,-0.50564132,0.013577037,0.15743007
70001,43,0.495987,93,20000,4935,4935,0,0,6e-05,0.060000000000000005,0.64949435,-0.50564132,0.013577037,0.15743007
70001,44,1.94912,32,20000,4935,4935,0,0,6e-05,0.060000000000000005,0.64949435,-0.50564132,0.013577037,0.15743007
70001,45,1.97247,29,20000,4935,4935,0,0,6e-05,0.060000000000000005,0.64949435,-0.50564132,0.013577037,0.15743007
70001,46,0.500453,73,20000,4935,4935,0,0,6e-05,0.060000000000000005,0.64949435,-0.50564132,0.013577037,0.15743007
70001,47,1.74808,39,20000,4935,4935,0,0,6e-05,0.060000000000000005,0.64949435,-0.50564132,0.013577037,0.15743007
70001,48,0.965875,70,20000,4935,4935,0,0,6e-05,0.060000000000000005,0.64949435,-0.50564132,0.013577037,0.15743007
70001,49,0.495827,96,20000,4935,4935,0,0,6e-05,0.060000000000000005,0.64949435,-0.50564132,0.013577037,0.15743007
70001,50,2.03255,28,20000,4935,4935,0,0,6e-05,0.060000000000000005,0.64949435,-0.50564132,0.013577037,0.15743007
70001,51,0.49596,95,20000,4935,4935,0,0,6e-05,0.060000000000000005,0.64949435,-0.50564132,0.013577037,0.15743007
70001,52,0.496687,90,20000,4935,4935,0,0,6e-05,0.060000000000000005,0.64949435,-0.50564132,0.013577037,0.15743007
70001,53,1.56076,42,20000,4935,4935,0,0,6e-05,0.060000000000000005,0.64949435,-0.50564132,0.013577037,0.15743007
70001,54,0.496524,91,20000,4935,4935,0,0,6e-05,0.060000000000000005,0.64949435,-0.50564132,0.013577037,0.15743007
70001,55,1.78581,38,20000,4935,4935,0,0,6e-05,0.060000000000000005,0.64949435,-0.50564132,0.013577037,0.15743007
70001,56,1.90984,34,20000,4935,4935,0,0,6e-05,0.060000000000000005,0.64949435,-0.50564132,0.013577037,0.15743007
70001,57,1.93279,33,20000,4935,4935,0,0,6e-05,0.060000000000000005,0.64949435,-0.50564132,0.013577037,0.15743007
70001,58,1.84004,37,20000,4935,4935,0,0,6e-05,0.060000000000000005,0.64949435,-0.50564132,0.013577037,0.15743007
70001,59,2.30584,18,20000,4935,4935,0,0,6e-05,0.060000000000000005,0.64949435,-0.50564132,0.013577037,0.15743007
70001,60,1.8674,36,20000,4935,4935,0,0,6e-05,0.060000000000000005,0.64949435,-0.50564132,0.013577037,0.15743007
70001,61,2.07564,25,20000,4935,4935,0,0,6e-05,0.060000000000000005,0.64949435,-0.50564132,0.013577037,0.15743007
70001,62,2.5825,9,20000,4935,4935,0,0,6e-05,0.060000000000000005,0.64949435,-0.50564132,0.013577037,0.15743007
70001,63,1.9674,30,20000,4935,4935,0,0,6e-05,0.060000000000000005,0.64949435,-0.50564132,0.013577037,0.15743007
70001,64,2.11059,24,20000,4935,4935,0,0,6e-05,0.060000000000000005,0.64949435,-0.50564132,0.013577037,0.15743007
70001,65,2.30774,17,20000,4935,4935,0,0,6e-05,0.060000000000000005,0.64949435,-0.50564132,0.013577037,0.15743007
70001,66,0.498661,81,20000,4935,4935,0,0,6e-05,0.060000000000000005,0.64949435,-0.50564132,0.013577037,0.15743007
70001,67,1.44008,44,20000,4935,4935,0,0,6e-05,0.060000000000000005,0.64949435,-0.50564132,0.013577037,0.15743007
70001,68,2.05433,27,20000,4935,4935,0,0,6e-05,0.060000000000000005,0.64949435,-0.50564132,0.013577037,0.15743007
70001,69,1.95284,31,20000,4935,4935,0,0,6e-05,0.060000000000000005,0.64949435,-0.50564132,0.013577037,0.15743007
70001,70,2.9857,2,20000,4935,4930,5,0,6e-05,0.060000000000000005,0.64949435,-0.50564132,0.013577037,0.15743007
70001,71,1.28118,59,20000,4935,4935,0,0,6e-05,0.060000000000000005,0.64949435,-0.50564132,0.013577037,0.15743007
70001,72,2.31439,16,20000,4935,4935,0,0,6e-05,0.060000000000000005,0.64949435,-0.50564132,0.013577037,0.15743007
70001,73,1.31206,56,20000,4935,4935,0,0,6e-05,0.060000000000000005,0.64949435,-0.50564132,0.013577037,0.15743007
70001,74,2.39611,10,20000,4935,4935,0,0,6e-05,0.060000000000000005,0.64949435,-0.50564132,0.013577037,0.15743007
70001,75,1.05233,69,20000,4935,4935,0,0,6e-05,0.060000000000000005,0.64949435,-0.50564132,0.013577037,0.15743007
70001,76,2.24641,21,20000,4935,4935,0,0,6e-05,0.060000000000000005,0.64949435,-0.50564132,0.013577037,0.15743007
70001,77,2.78437,6,20000,4935,4935,0,0,6e-05,0.060000000000000005,0.64949435,-0.50564132,0.013577037,0.15743007
70001,78,1.26817,61,20000,4935,4935,0,0,6e-05,0.060000000000000005,0.64949435,-0.50564132,0.013577037,0.15743007
70001,79,1.4832,43,20000,4935,4935,0,0,6e-05,0.060000000000000005,0.64949435,-0.50564132,0.013577037,0.15743007
70001,80,1.24922,64,20000,4935,4935,0,0,6e-05,0.060000000000000005,0.64949435,-0.50564132,0.013577037,0.15743007
70001,81,2.2642,20,20000,4935,4935,0,0,6e-05,0.060000000000000005,0.64949435,-0.50564132,0.013577037,0.15743007
70001,82,2.07168,26,20000,4935,4935,0,0,6e-05,0.060000000000000005,0.64949435,-0.50564132,0.013577037,0.15743007
70001,83,2.38543,11,20000,4935,4935,0,0,6e-05,0.060000000000000005,0.64949435,-0.50564132,0.013577037,0.15743007
70001,84,2.14131,22,20000,4935,4935,0,0,6e-05,0.060000000000000005,0.64949435,-0.50564132,0.013577037,0.15743007
70001,85,2.5965,8,20000,4935,4935,0,0,6e-05,0.060000000000000005,0.64949435,-0.50564132,0.013577037,0.15743007
70001,86,2.38029,13,20000,4935,4935,0,0,6e-05,0.060000000000000005,0.64949435,-0.50564132,0.013577037,0.15743007
70001,87,1.68702,41,20000,4935,4935,0,0,6e-05,0.060000000000000005,0.64949435,-0.50564132,0.013577037,0.15743007
70001,88,2.37792,14,20000,4935,4935,0,0,6e-05,0.060000000000000005,0.64949435,-0.50564132,0.013577037,0.15743007
70001,89,2.8347,4,20000,4935,4935,0,0,6e-05,0.060000000000000005,0.64949435,-0.50564132,0.013577037,0.15743007
70001,90,2.72626,7,20000,4935,4935,0,0,6e-05,0.060000000000000005,0.64949435,-0.50564132,0.013577037,0.15743007
70001,91,2.38109,12,20000,4935,4935,0,0,6e-05,0.060000000000000005,0.64949435,-0.50564132,0.013577037,0.15743007
70001,92,2.27905,19,20000,4935,4935,0,0,6e-05,0.060000000000000005,0.64949435,-0.50564132,0.013577037,0.15743007
70001,93,1.30018,57,20000,4935,4935,0,0,6e-05,0.060000000000000005,0.64949435,-0.50564132,0.013577037,0.15743007
70001,94,2.79059,5,20000,4935,4935,0,0,6e-05,0.060000000000000005,0.64949435,-0.50564132,0.013577037,0.15743007
70001,95,2.99853,1,20000,4935,4935,0,0,6e-05,0.060000000000000005,0.64949435,-0.50564132,0.013577037,0.15743007
70001,96,1.73118,40,20000,4935,4935,0,0,6e-05,0.060000000000000005,0.64949435,-0.50564132,0.013577037,0.15743007
70001,97,2.97561,3,20000,4935,4930,5,0,6e-05,0.060000000000000005,0.64949435,-0.50564132,0.013577037,0.15743007
70001,98,1.43907,45,20000,4935,4935,0,0,6e-05,0.060000000000000005,0.64949435,-0.50564132,0.013577037,0.15743007
70001,99,1.87782,35,20000,4935,4935,0,0,6e-05,0.060000000000000005,0.64949435,-0.50564132,0.013577037,0.15743007
70001,100,2.37384,15,20000,4935,4935,0,0,6e-05,0.060000000000000005,0.64949435,-0.50564132,0.013577037,0.15743007
