Step,Atoms,KinEng,top_disp,top_forc,bottom_f,side_for,all_wall,bond_cre,bond_bro,bond_int
1,50000,4.5347186e-20,0,0,-0.1099302,-3.9767442e-09,-0.1099302,0,0,0
100,50000,1.440088e-09,0,0,-0.10553464,-0.0002604341,-0.10579507,0,0,493500
200,50000,2.8834898e-09,0,0,-0.10367068,-0.00024479153,-0.10391547,0,0,493500
300,50000,4.5866369e-09,0,0,-0.10137772,0.00013298319,-0.10124474,0,0,493500
400,50000,5.9885028e-09,0,5.9263403e-06,-0.099070322,0.00076882439,-0.098295571,0,0,493500
500,50000,6.8413313e-09,0,2.3099644e-05,-0.096878443,0.0015944268,-0.095260916,0,0,493500
600,50000,7.2581316e-09,0,4.7483964e-05,-0.092660879,0.0020426859,-0.09057071,0,0,493500
700,50000,7.6543697e-09,0,8.299555e-05,-0.087908533,0.0022149207,-0.085610617,0,0,493500
800,50000,7.9407095e-09,0,0.00013449354,-0.083444205,0.002429175,-0.080880537,0,0,493500
900,50000,8.0604654e-09,0,0.00019939554,-0.079779714,0.0029340235,-0.076646295,0,0,493500
1000,50000,8.5575541e-09,0,0.00027536732,-0.075358835,0.0032929536,-0.071790514,0,0,493500
1100,50000,8.9943351e-09,0,0.00036063728,-0.071946527,0.0039645763,-0.067621313,0,0,493500
1200,50000,9.0241133e-09,0,0.00045587596,-0.067928294,0.0049084081,-0.06256401,0,0,493500
1300,50000,9.6355649e-09,0,0.00056509762,-0.063956412,0.0057562721,-0.057635042,0,0,493500
1400,50000,9.8980072e-09,0,0.00067911885,-0.060120495,0.0062890119,-0.053152364,0,0,493500
1500,50000,1.0049436e-08,0,0.00079363255,-0.05594382,0.0067435915,-0.048406596,0,0,493500
1600,50000,1.0519366e-08,0,0.0009090761,-0.052536216,0.0073015738,-0.044325566,0,0,493500
1700,50000,1.0743459e-08,0,0.0010222383,-0.04893018,0.0077697829,-0.040138159,0,0,493500
1800,50000,1.0959055e-08,0,0.0011394868,-0.0464956,0.0079276075,-0.037428505,0,0,493500
1900,50000,1.1140216e-08,0,0.0012499381,-0.042809606,0.0078376619,-0.033722006,0,0,493500
2000,50000,1.1315825e-08,0,0.0013495891,-0.039084163,0.0077979775,-0.029936596,0,0,493500
2100,50000,1.1287287e-08,0,0.0014434601,-0.036106262,0.0076092051,-0.027053596,0,0,493500
2200,50000,1.1385085e-08,0,0.0015238872,-0.033062807,0.0072552232,-0.024283696,0,0,493500
2300,50000,1.1437203e-08,0,0.0016008013,-0.031237162,0.0069590451,-0.022677315,0,0,493500
2400,50000,1.126549e-08,0,0.0016744095,-0.028975487,0.0066761439,-0.020624933,0,0,493500
2500,50000,1.1227806e-08,0,0.0017325726,-0.02623255,0.0063359722,-0.018164005,0,0,493500
2600,50000,1.1137124e-08,0,0.0017853553,-0.023846873,0.0060730109,-0.015988507,0,0,493500
2700,50000,1.0874042e-08,0,0.0018422074,-0.021972124,0.0058525526,-0.014277364,0,0,493500
2800,50000,1.0801814e-08,0,0.0019077216,-0.020090149,0.0056236072,-0.01255882,0,0,493500
2900,50000,1.0661458e-08,0,0.0019921805,-0.018567857,0.0055058673,-0.01106981,0,0,493500
3000,50000,1.0530508e-08,0,0.0020902348,-0.017095203,0.0053442347,-0.0096607336,0,0,493500
3100,50000,1.0419898e-08,0,0.00220701,-0.015301266,0.0050183278,-0.0080759284,0,0,493500
3200,50000,1.0328153e-08,0,0.002359444,-0.014189359,0.0046369706,-0.0071929441,0,0,493500
3300,50000,1.0176419e-08,0,0.0025380016,-0.012892703,0.0042909159,-0.0060637855,0,0,493500
3400,50000,1.0038644e-08,0,0.0027364634,-0.011846546,0.0040262187,-0.0050838637,0,0,493500
3500,50000,9.8930375e-09,0,0.0029485926,-0.010968471,0.0039522781,-0.0040675999,0,0,493500
3600,50000,9.7170732e-09,0,0.0031678922,-0.01003241,0.0038518864,-0.0030126316,0,0,493500
3700,50000,9.5673005e-09,0,0.0033879127,-0.0093078446,0.0036886402,-0.0022312918,0,0,493500
3800,50000,9.436025e-09,0,0.003587876,-0.0084629174,0.0037064243,-0.0011686171,0,0,493500
3900,50000,9.2649031e-09,0,0.0037560696,-0.0077791785,0.0038082219,-0.00021488703,0,0,493500
4000,50000,9.1341174e-09,0,0.0038883722,-0.0070521413,0.0039371588,0.0007733897,0,0,493500
4100,50000,8.9958652e-09,0,0.0039800409,-0.0065524762,0.0040532036,0.0014807682,0,0,493500
4200,50000,8.8659176e-09,0,0.0040283661,-0.0062109899,0.0041054643,0.0019228405,0,0,493500
4300,50000,8.7246997e-09,0,0.0040346259,-0.0056587432,0.0041072244,0.0024831072,0,0,493500
4400,50000,8.6000215e-09,0,0.0040012978,-0.0051630572,0.0040779422,0.0029161828,0,0,493500
4500,50000,8.4893943e-09,0,0.0039380534,-0.0047522267,0.0040695538,0.0032553804,0,0,493500
4600,50000,8.3726536e-09,0,0.0038444397,-0.0044184634,0.0039179799,0.0033439561,0,0,493500
4700,50000,8.2371611e-09,0,0.0037297996,-0.0042028226,0.0037274266,0.0032544036,0,0,493500
4800,50000,8.1425398e-09,0,0.003608807,-0.0040450487,0.0035259973,0.0030897556,0,0,493500
4900,50000,8.0038862e-09,0,0.0034719346,-0.003746836,0.0032550131,0.0029801117,0,0,493500
5000,50000,7.8772817e-09,0,0.0033236118,-0.003589895,0.0029809887,0.0027147054,0,0,493500
5100,50000,7.7711345e-09,0,0.0031659797,-0.0034407153,0.0026706927,0.0023959572,0,0,493500
5200,50000,7.6519762e-09,0,0.0029948187,-0.0032541897,0.0023088579,0.0020494869,0,0,493500
5300,50000,7.5225345e-09,0,0.0028137122,-0.0032032739,0.0020663064,0.0016767448,0,0,493500
5400,50000,7.4196254e-09,0,0.0026137468,-0.0030875995,0.0018437977,0.0013699449,0,0,493500
5500,50000,7.2810321e-09,0,0.0023951105,-0.0029229359,0.0015919264,0.001064101,0,0,493500
5600,50000,7.1414087e-09,0,0.0021677553,-0.0028280313,0.0014068416,0.00074656559,0,0,493500
5700,50000,7.0218459e-09,0,0.0019319239,-0.0027104017,0.0012235607,0.00044508292,0,0,493500
5800,50000,6.8887645e-09,0,0.0016882682,-0.0026008837,0.0010030156,9.0400115e-05,0,0,493500
5900,50000,6.7255701e-09,0,0.0014473265,-0.0025230705,0.00090280961,-0.00017293434,0,0,493500
6000,50000,6.6100848e-09,0,0.0012155609,-0.0024735585,0.00081788947,-0.00044010814,0,0,493500
6100,50000,6.4594502e-09,0,0.0010015287,-0.0023974965,0.00076731687,-0.00062865089,0,0,493500
6200,50000,6.2875697e-09,0,0.00080742942,-0.0023677086,0.00075074077,-0.00080953841,0,0,493500
6300,50000,6.1491512e-09,0,0.00063387822,-0.0023210748,0.00074974388,-0.00093745271,0,0,493500
6400,50000,5.9972893e-09,0,0.0004845729,-0.0022590372,0.00076246837,-0.0010119959,0,0,493500
6500,50000,5.8279859e-09,0,0.00035700247,-0.0022513297,0.00071784553,-0.0011764817,0,0,493500
6600,50000,5.7039281e-09,0,0.00025344973,-0.0022323249,0.00062626987,-0.0013526053,0,0,493500
6700,50000,5.5629514e-09,0,0.00017315096,-0.0022229674,0.00052357736,-0.0015262391,0,0,493500
6800,50000,5.4234894e-09,0,0.00011217598,-0.0021956555,0.00048564839,-0.0015978311,0,0,493500
6900,50000,5.3025936e-09,0,6.7722831e-05,-0.0021896352,0.00043042499,-0.0016914874,0,0,493500
7000,50000,5.1791714e-09,0,3.5617294e-05,-0.0021272398,0.00037353764,-0.0017180849,0,0,493500
7100,50000,5.0434758e-09,0,1.4847032e-05,-0.0021011858,0.00033198398,-0.0017543548,0,0,493500
7200,50000,4.9321218e-09,0,3.8102695e-06,-0.00210124,0.00027065944,-0.0018267703,0,0,493500
7300,50000,4.8170381e-09,0,-1.2653291e-06,-0.0020303757,0.00025436225,-0.0017772787,0,0,493500
7400,50000,4.688211e-09,0,0,-0.0020143574,0.00025077082,-0.0017635866,0,0,493500
7500,50000,4.5768516e-09,0,0,-0.0019453043,0.00022978832,-0.0017155159,0,0,493500
7600,50000,4.4663629e-09,0,0,-0.0018891711,0.00021118053,-0.0016779905,0,0,493500
7700,50000,4.3400718e-09,0,0,-0.0018539726,0.00021348933,-0.0016404833,0,0,493500
7800,50000,4.2338955e-09,0,0,-0.0018069304,0.00023686513,-0.0015700652,0,0,493500
7900,50000,4.123278e-09,0,0,-0.0017535384,0.00025560199,-0.0014979364,0,0,493500
8000,50000,4.0157463e-09,0,0,-0.0016919829,0.00026562362,-0.0014263593,0,0,493500
8100,50000,3.913413e-09,0,2.4879394e-06,-0.0016625135,0.00024561238,-0.0014144132,0,0,493500
8200,50000,3.8092151e-09,0,6.6812687e-06,-0.0015832825,0.00021093069,-0.0013656705,0,0,493500
8300,50000,3.7118428e-09,0,1.2907448e-05,-0.001551005,0.00021235538,-0.0013257421,0,0,493500
8400,50000,3.6126537e-09,0,2.0477074e-05,-0.0015018213,0.0002053893,-0.0012759549,0,0,493500
8500,50000,3.5162139e-09,0,2.960739e-05,-0.0014416647,0.00019128891,-0.0012207684,0,0,493500
8600,50000,3.4274684e-09,0,4.0313001e-05,-0.001417149,0.00017116132,-0.0012056747,0,0,493500
8700,50000,3.3366204e-09,0,5.2446566e-05,-0.001371544,0.00014802675,-0.0011710707,0,0,493500
8800,50000,3.2502411e-09,0,6.5228269e-05,-0.0013400985,0.00013143709,-0.0011434331,0,0,493500
8900,50000,3.1666261e-09,0,7.7235352e-05,-0.0012925579,0.00012285612,-0.0010924665,0,0,493500
9000,50000,3.0822874e-09,0,8.852616e-05,-0.0012769428,0.0001129042,-0.0010755125,0,0,493500
9100,50000,2.9977247e-09,0,0.0001002528,-0.0012431908,0.00010478162,-0.0010381563,0,0,493500
9200,50000,2.921894e-09,0,0.00011187913,-0.0012265245,0.00010067119,-0.0010139742,0,0,493500
9300,50000,2.8471825e-09,0,0.00012275992,-0.0012178888,9.8838836e-05,-0.00099629008,0,0,493500
9400,50000,2.7653576e-09,0,0.00013257211,-0.0011681725,9.9435718e-05,-0.00093616469,0,0,493500
9500,50000,2.7016742e-09,0,0.00014061166,-0.0011549466,0.00010329142,-0.0009110435,0,0,493500
9600,50000,2.6315863e-09,0,0.00014844382,-0.001133045,0.00010940063,-0.00087520053,0,0,493500
9700,50000,2.5542507e-09,0,0.00015441424,-0.0011177738,0.00011283999,-0.00085051958,0,0,493500
9800,50000,2.4941697e-09,0,0.00015802384,-0.0010973145,0.00011132585,-0.00082796481,0,0,493500
9900,50000,2.4289003e-09,0,0.00016152101,-0.0010708478,0.00010638638,-0.00080294041,0,0,493500
10000,50000,2.3584686e-09,0,0.00016321692,-0.0010278565,0.00010037091,-0.00076426863,0,0,493500
10001,50000,2.3578861e-09,0,0.00016322332,-0.0010273038,0.00010030134,-0.00076377914,0,0,493500
10001,50000,2.3578861e-09,0,0.00032644373,-0.0020545725,0.000200596,-0.0015275327,0,0,0
10100,50000,2.30444e-09,0,0.0033596625,-0.00098306297,9.5240567e-05,0.0024718401,0,0,493500
10200,50000,2.2598089e-09,0,0.0074031499,-0.00095438533,9.3560952e-05,0.0065423256,0,0,493500
10300,50000,2.2718629e-09,0,0.012125458,-0.00089734363,9.050206e-05,0.011318617,0,0,493500
10400,50000,2.4413593e-09,0,0.017049221,-0.00085526752,8.8267858e-05,0.016282221,0,0,493500
10500,50000,2.8968259e-09,0,0.021743907,-0.00080898247,8.5897596e-05,0.021020823,0,0,493500
10600,50000,3.7665746e-09,0,0.025758255,-0.00074979966,8.2213194e-05,0.025090669,0,0,493500
10700,50000,5.1602329e-09,0,0.028757282,-0.00070443127,7.4898828e-05,0.028127749,0,0,493500
10800,50000,7.0578848e-09,0,0.030526548,-0.00065996896,6.9544586e-05,0.029936124,0,0,493500
10900,50000,9.3216487e-09,0,0.031000229,-0.00060695267,6.2285779e-05,0.030455562,0,0,493500
11000,50000,1.1751259e-08,0,0.030270927,-0.00056143386,5.5501633e-05,0.029764994,0,0,493500
11001,50000,1.1775335e-08,0,0.030258228,-0.00056102227,5.5428689e-05,0.029752634,0,0,493500
11001,50000,1.1775335e-08,1e-06,0.059507542,-0.0011220528,0.00011054998,0.058496039,0,0,0
11001,50000,1.1775335e-08,1e-06,0.088756856,-0.0016830834,0.00016567127,0.087239444,0,0,0
11100,50000,1.399964e-08,1e-06,0.028580982,-0.00051899271,4.6423763e-05,0.028108413,0,0,493500
11200,50000,1.5613009e-08,1e-06,0.026330132,-0.0004662304,3.99635e-05,0.025903865,0,0,493500
11300,50000,1.6458783e-08,1e-06,0.023978558,-0.00041644288,3.3704136e-05,0.023595819,0,0,493500
11400,50000,1.6808047e-08,1e-06,0.021968498,-0.00037385494,2.7155893e-05,0.021621799,0,0,493500
11500,50000,1.7183951e-08,1e-06,0.020593705,-0.0003273777,2.2531767e-05,0.020288859,0,0,493500
11600,50000,1.7964853e-08,1e-06,0.019946412,-0.00028937228,1.6670524e-05,0.019673711,0,0,493500
11700,50000,1.9068803e-08,1e-06,0.019982263,-0.00025433519,1.3042743e-05,0.01974097,0,0,493500
11800,50000,2.0041433e-08,1e-06,0.020524364,-0.0002169179,8.9160462e-06,0.020316362,0,0,493500
11900,50000,2.0660866e-08,1e-06,0.02132052,-0.00019158892,6.1306047e-06,0.021135061,0,0,493500
12000,50000,2.1212695e-08,1e-06,0.022098986,-0.00018367622,-8.4394123e-05,0.021830915,0,0,493500
12001,50000,2.1218879e-08,1e-06,0.022106049,-0.00018368468,-8.5693837e-05,0.021836671,0,0,493500
12001,50000,2.1218879e-08,2e-06,0.0432566,-0.00036739618,-0.00035836354,0.042530841,0,0,0
12001,50000,2.1218879e-08,2e-06,0.064407151,-0.00055110768,-0.00063103324,0.06322501,0,0,0
12100,50000,2.1907543e-08,2e-06,0.022729251,-0.00019582918,-0.00023193343,0.022301488,0,0,493500
12200,50000,2.2622243e-08,2e-06,0.023154955,-0.00024997345,-0.00041665905,0.022488323,0,0,493500
12300,50000,2.3164515e-08,2e-06,0.023320394,-0.00037824925,-0.00062632849,0.022315816,0,0,493500
12400,50000,2.3532541e-08,2e-06,0.023237759,-0.00062024643,-0.00085506824,0.021762445,0,0,493500
12500,50000,2.3897253e-08,2e-06,0.022975317,-0.0010483253,-0.0010985955,0.020828396,0,0,493500
12600,50000,2.4396533e-08,2e-06,0.022626922,-0.0017458006,-0.0013523468,0.019528775,0,0,493500
12700,50000,2.4983238e-08,2e-06,0.022214974,-0.002773984,-0.0016043932,0.017836597,0,0,493500
12800,50000,2.54684e-08,2e-06,0.021737731,-0.004159938,-0.0018283443,0.015749448,0,0,493500
12900,50000,2.5784475e-08,2e-06,0.021267913,-0.0058542484,-0.0020138769,0.013399788,0,0,493500
13000,50000,2.6082343e-08,2e-06,0.020917275,-0.00778185,-0.0021613172,0.010974108,0,0,493500
13001,50000,2.6085497e-08,2e-06,0.020914482,-0.0078029313,-0.0021625863,0.010948964,0,0,493500
13001,50000,2.6085497e-08,3e-06,0.040881437,-0.015606455,-0.0043219542,0.020953028,0,0,0
13001,50000,2.6085497e-08,3e-06,0.060848392,-0.023409978,-0.0064813222,0.030957092,0,0,0
13100,50000,2.6400882e-08,3e-06,0.020664774,-0.0098565992,-0.002283221,0.0085249535,0,0,493500
13200,50000,2.6613354e-08,3e-06,0.020440328,-0.012011637,-0.0024274213,0.0060012703,0,0,493500
13300,50000,2.6631831e-08,3e-06,0.020295667,-0.01424645,-0.0026158162,0.0034334003,0,0,493500
13400,50000,2.643309e-08,3e-06,0.020283252,-0.016496722,-0.0028199509,0.00096657972,0,0,493500
13500,50000,2.6135868e-08,3e-06,0.020503129,-0.018691747,-0.0030128699,-0.0012014885,0,0,493500
13600,50000,2.5877625e-08,3e-06,0.020984863,-0.020808795,-0.0032012119,-0.0030251441,0,0,493500
13700,50000,2.5684566e-08,3e-06,0.021679189,-0.02280606,-0.0034165525,-0.0045434233,0,0,493500
13800,50000,2.5575148e-08,3e-06,0.022562509,-0.024607901,-0.0036649433,-0.0057103355,0,0,493500
13900,50000,2.5599147e-08,3e-06,0.023619024,-0.026299879,-0.0039157987,-0.0065966535,0,0,493500
14000,50000,2.5797513e-08,3e-06,0.02485129,-0.027856239,-0.0041368367,-0.0071417851,0,0,493500
14001,50000,2.5800422e-08,3e-06,0.024864356,-0.027870267,-0.0041388157,-0.0071447274,0,0,493500
14001,50000,2.5800422e-08,4e-06,0.04875489,-0.055740331,-0.0082776125,-0.015263053,0,0,0
14001,50000,2.5800422e-08,4e-06,0.072645424,-0.083610394,-0.012416409,-0.02338138,0,0,0
14100,50000,2.6165138e-08,4e-06,0.026157236,-0.029136461,-0.0043122569,-0.0072914824,0,0,493500
14200,50000,2.6673793e-08,4e-06,0.027377202,-0.030159692,-0.0044497386,-0.0072322281,0,0,493500
14300,50000,2.7282441e-08,4e-06,0.028396172,-0.030916668,-0.0045643557,-0.0070848519,0,0,493500
14400,50000,2.7967254e-08,4e-06,0.029147971,-0.03139777,-0.0046485336,-0.0068983327,0,0,493500
14500,50000,2.8745543e-08,4e-06,0.029605341,-0.03158736,-0.0046848859,-0.0066669044,0,0,493500
14600,50000,2.9577719e-08,4e-06,0.029745671,-0.031512142,-0.0046409325,-0.0064074037,0,0,493500
14700,50000,3.0426882e-08,4e-06,0.029570042,-0.031170708,-0.0045649556,-0.0061656212,0,0,493500
14800,50000,3.1263061e-08,4e-06,0.029157391,-0.030567377,-0.0044446065,-0.0058545927,0,0,493500
14900,50000,3.2066014e-08,4e-06,0.028610958,-0.029772126,-0.0042870082,-0.0054481764,0,0,493500
15000,50000,3.2813728e-08,4e-06,0.027980072,-0.029038041,-0.0040770139,-0.0051349825,0,0,493500
15001,50000,3.2820797e-08,4e-06,0.027973703,-0.029031093,-0.0040747275,-0.0051321178,0,0,493500
15001,50000,3.2820797e-08,5e-06,0.054952576,-0.05806218,-0.008153813,-0.011263417,0,0,0
15001,50000,3.2820797e-08,5e-06,0.081931449,-0.087093267,-0.012232899,-0.017394717,0,0,0
15100,50000,3.3467682e-08,5e-06,0.027385312,-0.028469239,-0.0038616576,-0.0049455846,0,0,493500
15200,50000,3.4014582e-08,5e-06,0.026934147,-0.028081113,-0.003577084,-0.00472405,0,0,493500
15300,50000,3.4459276e-08,5e-06,0.026738118,-0.027914778,-0.0032625517,-0.0044392121,0,0,493500
15400,50000,3.4821635e-08,5e-06,0.026911593,-0.027985647,-0.0029602138,-0.0040342682,0,0,493500
15500,50000,3.5153557e-08,5e-06,0.027427264,-0.028245576,-0.0027102171,-0.0035285287,0,0,493500
15600,50000,3.5486501e-08,5e-06,0.028262836,-0.028654308,-0.002530999,-0.0029224704,0,0,493500
15700,50000,3.5852661e-08,5e-06,0.029433783,-0.029153428,-0.0024062126,-0.0021258578,0,0,493500
15800,50000,3.6291298e-08,5e-06,0.030937517,-0.029711364,-0.0022902563,-0.0010641035,0,0,493500
15900,50000,3.6840763e-08,5e-06,0.032733796,-0.030200706,-0.0021469744,0.00038611581,0,0,493500
16000,50000,3.7531695e-08,5e-06,0.034704554,-0.030599974,-0.0019783323,0.0021262472,0,0,493500
16001,50000,3.7539312e-08,5e-06,0.034724679,-0.030603412,-0.0019766184,0.0021446491,0,0,493500
16001,50000,3.7539312e-08,6e-06,0.068419782,-0.061206714,-0.0040374428,0.0031756247,0,0,0
16001,50000,3.7539312e-08,6e-06,0.10211488,-0.091810017,-0.0060982673,0.0042066002,0,0,0
16100,50000,3.8360494e-08,6e-06,0.036730295,-0.03087125,-0.0018098963,0.0040491482,0,0,493500
16200,50000,3.9318184e-08,6e-06,0.038740151,-0.031056634,-0.0016685941,0.006014923,0,0,493500
16300,50000,4.0383202e-08,6e-06,0.040665815,-0.03117741,-0.0015643743,0.0079240314,0,0,493500
16400,50000,4.154781e-08,6e-06,0.042424054,-0.031207564,-0.0014770167,0.0097394737,0,0,493500
16500,50000,4.2816733e-08,6e-06,0.043905847,-0.03124239,-0.0013904698,0.011272987,0,0,493500
16600,50000,4.4179844e-08,6e-06,0.045026696,-0.031290273,-0.0013272663,0.012409157,0,0,493500
16700,50000,4.5645154e-08,6e-06,0.045773361,-0.031392874,-0.0012692634,0.013111224,0,0,493500
16800,50000,4.7224802e-08,6e-06,0.046117711,-0.031592834,-0.0011548299,0.013370048,0,0,493500
16900,50000,4.8881346e-08,6e-06,0.046071196,-0.032044749,-0.0009761483,0.013050299,0,0,493500
17000,50000,5.056248e-08,6e-06,0.045671284,-0.032799692,-0.00080215925,0.012069433,0,0,493500
17001,50000,5.0579189e-08,6e-06,0.045665525,-0.03280774,-0.00080082832,0.012056956,0,0,493500
17001,50000,5.0579189e-08,7e-06,0.090251608,-0.065615382,-0.0015912053,0.023045021,0,0,0
17001,50000,5.0579189e-08,7e-06,0.13483769,-0.098423023,-0.0023815822,0.034033086,0,0,0
17100,50000,5.2189786e-08,7e-06,0.044927603,-0.033705366,-0.00071201262,0.010510224,0,0,493500
17200,50000,5.3680006e-08,7e-06,0.043913436,-0.034721372,-0.00068444179,0.0085076223,0,0,493500
17300,50000,5.4962796e-08,7e-06,0.042693348,-0.035748575,-0.00095261956,0.0059921533,0,0,493500
17400,50000,5.6023138e-08,7e-06,0.041300331,-0.036766405,-0.0014731522,0.0030607734,0,0,493500
17500,50000,5.6869307e-08,7e-06,0.039828195,-0.037693707,-0.0022747575,-0.00014026973,0,0,493500
17600,50000,5.75038e-08,7e-06,0.03837702,-0.038476072,-0.0033170691,-0.0034161216,0,0,493500
17700,50000,5.79466e-08,7e-06,0.037036217,-0.039110769,-0.0045105233,-0.0065850748,0,0,493500
17800,50000,5.820255e-08,7e-06,0.035866746,-0.039568064,-0.0057382347,-0.0094395532,0,0,493500
17900,50000,5.8282868e-08,7e-06,0.034864479,-0.039897322,-0.0068104798,-0.011843322,0,0,493500
18000,50000,5.8210018e-08,7e-06,0.034059085,-0.040172215,-0.0075651469,-0.013678277,0,0,493500
18001,50000,5.8208554e-08,7e-06,0.034052271,-0.040174961,-0.0075708806,-0.013693571,0,0,493500
18001,50000,5.8208554e-08,8e-06,0.067076763,-0.080349901,-0.015194713,-0.028467851,0,0,0
18001,50000,5.8208554e-08,8e-06,0.10010126,-0.12052484,-0.022818545,-0.043242131,0,0,0
18100,50000,5.8007168e-08,8e-06,0.033520183,-0.040455848,-0.0078764658,-0.014812132,0,0,493500
18200,50000,5.7730176e-08,8e-06,0.033276396,-0.040712563,-0.0076720899,-0.015108256,0,0,493500
18300,50000,5.7445808e-08,8e-06,0.033316682,-0.040981452,-0.006961878,-0.014626648,0,0,493500
18400,50000,5.7199055e-08,8e-06,0.033602641,-0.04129393,-0.0058401783,-0.013531468,0,0,493500
18500,50000,5.7015653e-08,8e-06,0.034115479,-0.041667032,-0.0044269835,-0.011978537,0,0,493500
18600,50000,5.6909461e-08,8e-06,0.034836921,-0.042152086,-0.0028729965,-0.010188161,0,0,493500
18700,50000,5.6898039e-08,8e-06,0.035723008,-0.042706051,-0.0013553081,-0.0083383511,0,0,493500
18800,50000,5.6999392e-08,8e-06,0.036720964,-0.04329789,-2.6654318e-05,-0.0066035806,0,0,493500
18900,50000,5.7257819e-08,8e-06,0.037757048,-0.043841517,0.00097155892,-0.0051129097,0,0,493500
19000,50000,5.769988e-08,8e-06,0.038761775,-0.044310936,0.0015540881,-0.0039950733,0,0,493500
19001,50000,5.7705241e-08,8e-06,0.038771465,-0.044315193,0.0015578676,-0.0039858606,0,0,493500
19001,50000,5.7705241e-08,9e-06,0.076493453,-0.088630239,0.003096342,-0.009040444,0,0,0
19001,50000,5.7705241e-08,9e-06,0.11421544,-0.13294529,0.0046348165,-0.014095027,0,0,0
19100,50000,5.8319669e-08,9e-06,0.039672047,-0.04470003,0.0017095817,-0.0033184017,0,0,493500
19200,50000,5.9081775e-08,9e-06,0.040397317,-0.044993746,0.0015186622,-0.0030777675,0,0,493500
19300,50000,5.9911199e-08,9e-06,0.040879428,-0.045150078,0.0010808255,-0.0031898246,0,0,493500
19400,50000,6.0710863e-08,9e-06,0.041095468,-0.045092583,0.00046839259,-0.0035287224,0,0,493500
19500,50000,6.1370602e-08,9e-06,0.041050769,-0.044856962,-7.8562977e-05,-0.0038847563,0,0,493500
19600,50000,6.1833109e-08,9e-06,0.040798542,-0.044462093,-0.00054393967,-0.0042074905,0,0,493500
19700,50000,6.2107426e-08,9e-06,0.040393218,-0.043953981,-0.00085778052,-0.0044185433,0,0,493500
19800,50000,6.2256701e-08,9e-06,0.039898856,-0.043408558,-0.00092636656,-0.0044360683,0,0,493500
19900,50000,6.2365713e-08,9e-06,0.039427182,-0.042916472,-0.00069345861,-0.0041827492,0,0,493500
20000,50000,6.2497184e-08,9e-06,0.039058589,-0.042592529,-0.00013308895,-0.0036670298,0,0,493500
20001,50000,6.2498755e-08,9e-06,0.039055533,-0.042590225,-0.00012681946,-0.0036615118,0,0,493500
20001,50000,6.2498755e-08,1e-05,0.077059751,-0.085180614,-0.0001757459,-0.0082966095,0,0,0
20001,50000,6.2498755e-08,1e-05,0.11506397,-0.127771,-0.00022467235,-0.012931707,0,0,0
20100,50000,6.2682456e-08,1e-05,0.038818921,-0.042482924,0.00070768498,-0.002956318,0,0,493500
20200,50000,6.2910696e-08,1e-05,0.038693428,-0.042666306,0.001736645,-0.0022362333,0,0,493500
20300,50000,6.3145266e-08,1e-05,0.038636004,-0.043136433,0.002823392,-0.0016770377,0,0,493500
20400,50000,6.3411074e-08,1e-05,0.03861282,-0.043838181,0.0038296239,-0.0013957367,0,0,493500
20500,50000,6.3753093e-08,1e-05,0.03857354,-0.044633878,0.004597232,-0.0014631058,0,0,493500
20600,50000,6.4176162e-08,1e-05,0.03843999,-0.045427551,0.00497861,-0.0020089508,0,0,493500
20700,50000,6.4672094e-08,1e-05,0.038155488,-0.046124806,0.0048649053,-0.0031044123,0,0,493500
20800,50000,6.5193522e-08,1e-05,0.037704286,-0.046603083,0.0042356143,-0.0046631829,0,0,493500
20900,50000,6.5672686e-08,1e-05,0.037109895,-0.046811723,0.0031948531,-0.0065069754,0,0,493500
21000,50000,6.6034824e-08,1e-05,0.036413388,-0.046692916,0.0019154784,-0.0083640495,0,0,493500
21001,50000,6.6037626e-08,1e-05,0.03640604,-0.046690074,0.0019012096,-0.0083828244,0,0,493500
21001,50000,6.6037626e-08,1.1e-05,0.071772601,-0.093379933,0.0038217514,-0.01778558,0,0,0
21001,50000,6.6037626e-08,1.1e-05,0.10713916,-0.14006979,0.0057422932,-0.027188336,0,0,0
21100,50000,6.6223843e-08,1.1e-05,0.035668584,-0.046269924,0.00057251621,-0.010028824,0,0,493500
21200,50000,6.6226786e-08,1.1e-05,0.034957949,-0.04554567,-0.00069631492,-0.011284035,0,0,493500
21300,50000,6.6059941e-08,1.1e-05,0.034364431,-0.044579812,-0.0018856359,-0.012101017,0,0,493500
21400,50000,6.5777931e-08,1.1e-05,0.033957045,-0.043507702,-0.0029633296,-0.012513986,0,0,493500
21500,50000,6.5455417e-08,1.1e-05,0.033776968,-0.042442978,-0.0034185009,-0.012084511,0,0,493500
21600,50000,6.5160104e-08,1.1e-05,0.033837099,-0.04148497,-0.0038134065,-0.011461278,0,0,493500
21700,50000,6.4919412e-08,1.1e-05,0.034149284,-0.040667037,-0.0041595358,-0.010677288,0,0,493500
21800,50000,6.4734062e-08,1.1e-05,0.034702731,-0.040076476,-0.0044490363,-0.0098227809,0,0,493500
21900,50000,6.4597789e-08,1.1e-05,0.035457765,-0.039758221,-0.0046736683,-0.0089741237,0,0,493500
22000,50000,6.4505563e-08,1.1e-05,0.036366702,-0.039690798,-0.0048388745,-0.0081629706,0,0,493500
22001,50000,6.4504886e-08,1.1e-05,0.036376355,-0.039691073,-0.00484048,-0.0081551985,0,0,493500
22001,50000,6.4504886e-08,1.2e-05,0.071714475,-0.079382247,-0.0097041004,-0.017371872,0,0,0
22001,50000,6.4504886e-08,1.2e-05,0.10705259,-0.11907342,-0.014567721,-0.026588546,0,0,0
22100,50000,6.4470328e-08,1.2e-05,0.037372197,-0.039827375,-0.0049515,-0.0074066783,0,0,493500
22200,50000,6.4543598e-08,1.2e-05,0.038424561,-0.040098674,-0.0049809471,-0.0066550607,0,0,493500
22300,50000,6.4779938e-08,1.2e-05,0.039485771,-0.040455937,-0.0048790232,-0.0058491891,0,0,493500
22400,50000,6.5220447e-08,1.2e-05,0.040494697,-0.040814812,-0.0046164144,-0.0049365294,0,0,493500
22500,50000,6.5860198e-08,1.2e-05,0.041388243,-0.041175547,-0.0041979333,-0.0039852372,0,0,493500
22600,50000,6.662899e-08,1.2e-05,0.042116912,-0.041538432,-0.003707506,-0.0031290264,0,0,493500
22700,50000,6.7415896e-08,1.2e-05,0.042647302,-0.041872438,-0.0032437866,-0.0024689222,0,0,493500
22800,50000,6.8119047e-08,1.2e-05,0.04295979,-0.042172682,-0.0028607744,-0.0020736665,0,0,493500
22900,50000,6.8679612e-08,1.2e-05,0.043021584,-0.042429556,-0.0025635523,-0.0019715242,0,0,493500
23000,50000,6.9105318e-08,1.2e-05,0.042807591,-0.042673932,-0.0023576261,-0.0022239666,0,0,493500
23001,50000,6.9109055e-08,1.2e-05,0.042804003,-0.042676129,-0.0023563482,-0.0022284745,0,0,493500
23001,50000,6.9109055e-08,1.3e-05,0.084540265,-0.085352142,-0.0047561391,-0.0055680158,0,0,0
23001,50000,6.9109055e-08,1.3e-05,0.12627653,-0.12802815,-0.0071559301,-0.0089075571,0,0,0
23100,50000,6.9450946e-08,1.3e-05,0.0423335,-0.042878436,-0.0023505755,-0.0028955112,0,0,493500
23200,50000,6.9780243e-08,1.3e-05,0.041643355,-0.043031683,-0.0025949108,-0.0039832389,0,0,493500
23300,50000,7.0097615e-08,1.3e-05,0.040785595,-0.043105738,-0.0030820339,-0.0054021775,0,0,493500
23400,50000,7.0364776e-08,1.3e-05,0.03982116,-0.043066229,-0.0037607601,-0.0070058292,0,0,493500
23500,50000,7.0518558e-08,1.3e-05,0.038813667,-0.042891009,-0.0045235297,-0.0086008717,0,0,493500
23600,50000,7.0530266e-08,1.3e-05,0.037841946,-0.042561324,-0.0053334869,-0.010052865,0,0,493500
23700,50000,7.0412343e-08,1.3e-05,0.036986277,-0.042072877,-0.0058357675,-0.010922367,0,0,493500
23800,50000,7.0137923e-08,1.3e-05,0.03628726,-0.041436111,-0.006055794,-0.011204645,0,0,493500
23900,50000,6.9717671e-08,1.3e-05,0.035795499,-0.040682208,-0.0060504187,-0.010937127,0,0,493500
24000,50000,6.9205169e-08,1.3e-05,0.03552939,-0.039837637,-0.0058649789,-0.010173226,0,0,493500
24001,50000,6.9199711e-08,1.3e-05,0.035527862,-0.039829183,-0.0058621097,-0.010163431,0,0,493500
24001,50000,6.9199711e-08,1.4e-05,0.070020984,-0.079658434,-0.011724201,-0.021361651,0,0,0
24001,50000,6.9199711e-08,1.4e-05,0.10451411,-0.11948769,-0.017586292,-0.032559871,0,0,0
24100,50000,6.863485e-08,1.4e-05,0.035860625,-0.038987207,-0.0055231832,-0.0086497649,0,0,493500
24200,50000,6.8006903e-08,1.4e-05,0.038955733,-0.03819839,-0.0049866624,-0.0042293202,0,0,493500
24300,50000,6.7332931e-08,1.4e-05,0.043668034,-0.037537963,-0.0043028829,0.0018271878,0,0,493500
24400,50000,6.6688578e-08,1.4e-05,0.049330974,-0.037102767,-0.0035679482,0.0086602591,0,0,493500
24500,50000,6.6210765e-08,1.4e-05,0.055356548,-0.036936547,-0.0028637561,0.015556245,0,0,493500
24600,50000,6.6070034e-08,1.4e-05,0.061230451,-0.037070453,-0.002233462,0.021926537,0,0,493500
24700,50000,6.6443234e-08,1.4e-05,0.066471602,-0.037498738,-0.0016793317,0.027293533,0,0,493500
24800,50000,6.7492265e-08,1.4e-05,0.070654328,-0.038187752,-0.0011934799,0.031273096,0,0,493500
24900,50000,6.9239381e-08,1.4e-05,0.07349885,-0.039082485,-0.00082975584,0.033586609,0,0,493500
25000,50000,7.1514304e-08,1.4e-05,0.074881414,-0.04010637,-0.0005719229,0.034203122,0,0,493500
25001,50000,7.1538753e-08,1.4e-05,0.074887951,-0.040117189,-0.00056992589,0.034200837,0,0,493500
25001,50000,7.1538753e-08,1.5e-05,0.14768947,-0.080234417,-0.0012437646,0.066211292,0,0,0
25001,50000,7.1538753e-08,1.5e-05,0.220491,-0.12035164,-0.0019176033,0.098221747,0,0,0
25100,50000,7.4000505e-08,1.5e-05,0.074881553,-0.041160319,-0.0004416442,0.033279589,0,0,493500
25200,50000,7.6320275e-08,1.5e-05,0.07379011,-0.042159073,-0.0004360251,0.031195012,0,0,493500
25300,50000,7.8173643e-08,1.5e-05,0.071973288,-0.043057744,-0.00052455485,0.028390989,0,0,493500
25400,50000,7.944488e-08,1.5e-05,0.069805003,-0.043801447,-0.00069240109,0.025311155,0,0,493500
25500,50000,8.0085919e-08,1.5e-05,0.067630232,-0.044407599,-0.0009418935,0.022280739,0,0,493500
25600,50000,8.0026419e-08,1.5e-05,0.065711515,-0.044876146,-0.0012983632,0.019537006,0,0,493500
25700,50000,7.945058e-08,1.5e-05,0.064322512,-0.045263773,-0.0017157828,0.017342957,0,0,493500
25800,50000,7.8663937e-08,1.5e-05,0.063499989,-0.04565136,-0.0022522374,0.015596391,0,0,493500
25900,50000,7.7998746e-08,1.5e-05,0.063235518,-0.046123887,-0.0028481564,0.014263475,0,0,493500
26000,50000,7.7692478e-08,1.5e-05,0.063563013,-0.046744969,-0.003461708,0.013356336,0,0,493500
26001,50000,7.7691466e-08,1.5e-05,0.06356896,-0.046751932,-0.0034679744,0.013349054,0,0,493500
26001,50000,7.7691466e-08,1.6e-05,0.12516362,-0.093503905,-0.0070745241,0.024585192,0,0,0
26001,50000,7.7691466e-08,1.6e-05,0.18675828,-0.14025588,-0.010681074,0.035821331,0,0,0
26100,50000,7.775108e-08,1.6e-05,0.064379078,-0.047526298,-0.0040227235,0.012830056,0,0,493500
26200,50000,7.7916745e-08,1.6e-05,0.065646928,-0.048464297,-0.0046452566,0.012537374,0,0,493500
26300,50000,7.7924206e-08,1.6e-05,0.067287714,-0.049522452,-0.0051944173,0.012570845,0,0,493500
26400,50000,7.7796256e-08,1.6e-05,0.069159052,-0.050665584,-0.0055687261,0.012924742,0,0,493500
26500,50000,7.7881755e-08,1.6e-05,0.071169204,-0.051850542,-0.0054554224,0.01386324,0,0,493500
26600,50000,7.8514388e-08,1.6e-05,0.073127052,-0.053028132,-0.0049507632,0.015148157,0,0,493500
26700,50000,7.9720186e-08,1.6e-05,0.074879313,-0.054190371,-0.0040884292,0.016600513,0,0,493500
26800,50000,8.122467e-08,1.6e-05,0.076361393,-0.055386683,-0.0029432674,0.018031442,0,0,493500
26900,50000,8.2574744e-08,1.6e-05,0.0775128,-0.056661584,-0.0015489691,0.019302247,0,0,493500
27000,50000,8.3386424e-08,1.6e-05,0.078417066,-0.058052964,-6.6828407e-06,0.020357419,0,0,493500
27001,50000,8.3391533e-08,1.6e-05,0.078425676,-0.058067662,9.9040291e-06,0.020367918,0,0,493500
27001,50000,8.3391533e-08,1.7e-05,0.15475647,-0.11613542,1.9866688e-05,0.038640921,0,0,0
27001,50000,8.3391533e-08,1.7e-05,0.23108727,-0.17420318,2.9829346e-05,0.056913923,0,0,0
27100,50000,8.3689814e-08,1.7e-05,0.079221419,-0.059615429,0.0016136579,0.021219648,0,0,493500
27200,50000,8.3897501e-08,1.7e-05,0.079983303,-0.06134556,0.0032402641,0.021878008,0,0,493500
27300,50000,8.4437187e-08,1.7e-05,0.080764011,-0.063222485,0.0045576077,0.022099134,0,0,493500
27400,50000,8.5458688e-08,1.7e-05,0.083847943,-0.065226997,0.0056243335,0.02424528,0,0,493500
27500,50000,8.6760183e-08,1.7e-05,0.088361995,-0.067320878,0.006418507,0.027459623,0,0,493500
27600,50000,8.807647e-08,1.7e-05,0.093670824,-0.069474884,0.0068431316,0.031039071,0,0,493500
27700,50000,8.9297426e-08,1.7e-05,0.099141876,-0.07165952,0.0069006259,0.034382982,0,0,493500
27800,50000,9.0460988e-08,1.7e-05,0.10427906,-0.073811197,0.0066106074,0.037078474,0,0,493500
27900,50000,9.1585324e-08,1.7e-05,0.10862442,-0.075926215,0.0060115418,0.038709747,0,0,493500
28000,50000,9.269312e-08,1.7e-05,0.11169982,-0.078088903,0.0051568631,0.038767783,0,0,493500
28001,50000,9.2704408e-08,1.7e-05,0.11172307,-0.07811273,0.0051474092,0.038757749,0,0,493500
28001,50000,9.2704408e-08,1.8e-05,0.22034211,-0.15622532,0.010269996,0.074386781,0,0,0
28001,50000,9.2704408e-08,1.8e-05,0.32896114,-0.23433791,0.015392582,0.11001581,0,0,0
28100,50000,9.3920255e-08,1.8e-05,0.11322475,-0.080580785,0.0041399242,0.036783885,0,0,493500
28200,50000,9.5586615e-08,1.8e-05,0.11310883,-0.083244378,0.003130572,0.032995025,0,0,493500
28300,50000,9.7947749e-08,1.8e-05,0.11148471,-0.085995064,0.0022762607,0.02776591,0,0,493500
28400,50000,1.0092042e-07,1.8e-05,0.10868247,-0.088744712,0.0015939957,0.021531748,0,0,493500
28500,50000,1.040709e-07,1.8e-05,0.10512616,-0.09195116,0.0011205501,0.014295552,0,0,493500
28600,50000,1.0686312e-07,1.8e-05,0.10126964,-0.095430572,0.00084158603,0.0066806578,0,0,493500
28700,50000,1.0891603e-07,1.8e-05,0.097549974,-0.099104211,0.000725491,-0.00082874577,0,0,493500
28800,50000,1.0997088e-07,1.8e-05,0.094355345,-0.10281331,0.00079197765,-0.0076659908,0,0,493500
28900,50000,1.1000077e-07,1.8e-05,0.092035125,-0.10638144,0.0010596131,-0.013286702,0,0,493500
29000,50000,1.0924386e-07,1.8e-05,0.090873301,-0.10961227,0.0014741629,-0.017264807,0,0,493500
29001,50000,1.0923373e-07,1.8e-05,0.090868391,-0.10964252,0.001477884,-0.017296249,0,0,493500
29001,50000,1.0923373e-07,1.9e-05,0.17892016,-0.21928457,0.0028835895,-0.037480818,0,0,0
29001,50000,1.0923373e-07,1.9e-05,0.26697193,-0.32892661,0.0042892951,-0.057665387,0,0,0
29100,50000,1.0810978e-07,1.9e-05,0.09112438,-0.11240365,0.0019143456,-0.019364925,0,0,493500
29200,50000,1.0695599e-07,1.9e-05,0.093563939,-0.11478496,0.0023206374,-0.01890038,0,0,493500
29300,50000,1.061273e-07,1.9e-05,0.097332343,-0.11675901,0.0026825296,-0.016744137,0,0,493500
29400,50000,1.056946e-07,1.9e-05,0.10125516,-0.11844336,0.0030475002,-0.014140705,0,0,493500
29500,50000,1.0577041e-07,1.9e-05,0.10517487,-0.11986219,0.0034205328,-0.01126679,0,0,493500
29600,50000,1.0636349e-07,1.9e-05,0.10884183,-0.12102676,0.0036954536,-0.0084894724,0,0,493500
29700,50000,1.0731357e-07,1.9e-05,0.11207051,-0.12187972,0.0036396596,-0.0061695487,0,0,493500
29800,50000,1.0836239e-07,1.9e-05,0.11467755,-0.12230094,0.0031340895,-0.004489304,0,0,493500
29900,50000,1.0939806e-07,1.9e-05,0.11662892,-0.12223123,0.0022559997,-0.0033463068,0,0,493500
30000,50000,1.1041768e-07,1.9e-05,0.11797537,-0.12167179,0.001129019,-0.00256741,0,0,493500
30001,50000,1.1042643e-07,1.9e-05,0.11798613,-0.12166465,0.001115207,-0.0025633172,0,0,493500
30001,50000,1.1042643e-07,2e-05,0.23373433,-0.24332927,0.0022153938,-0.0073795442,0,0,0
30001,50000,1.1042643e-07,2e-05,0.34948253,-0.36499388,0.0033155806,-0.012195771,0,0,0
30100,50000,1.1092484e-07,2e-05,0.11883827,-0.12057619,-6.6649144e-05,-0.0018045664,0,0,493500
30200,50000,1.1044458e-07,2e-05,0.1194451,-0.11913482,-0.001288808,-0.00097852386,0,0,493500
30300,50000,1.0897589e-07,2e-05,0.12003638,-0.11769896,-0.0024895092,-0.00015209139,0,0,493500
30400,50000,1.069844e-07,2e-05,0.12084233,-0.11647417,-0.0035614672,0.00080669182,0,0,493500
30500,50000,1.0522298e-07,2e-05,0.12208149,-0.11559577,-0.0043673937,0.0021183356,0,0,493500
30600,50000,1.0443586e-07,2e-05,0.12394123,-0.11514969,-0.0048001504,0.0039913986,0,0,493500
30700,50000,1.0494559e-07,2e-05,0.12650122,-0.11526965,-0.0048497638,0.0063818087,0,0,493500
30800,50000,1.0661566e-07,2e-05,0.12974887,-0.11598384,-0.004669174,0.0090958509,0,0,493500
30900,50000,1.0913225e-07,2e-05,0.13355525,-0.11718182,-0.0044030687,0.011970362,0,0,493500
31000,50000,1.1208532e-07,2e-05,0.13776239,-0.11873085,-0.0040353909,0.014996155,0,0,493500
31001,50000,1.1211603e-07,2e-05,0.13780588,-0.11874787,-0.0040313672,0.015026642,0,0,493500
31001,50000,1.1211603e-07,2.1e-05,0.27331319,-0.23749583,-0.0081098686,0.027707484,0,0,0
31001,50000,1.1211603e-07,2.1e-05,0.40882049,-0.3562438,-0.01218837,0.040388325,0,0,0
31100,50000,1.1519456e-07,2.1e-05,0.14213976,-0.12057185,-0.0034670824,0.018100828,0,0,493500
31200,50000,1.1828114e-07,2.1e-05,0.14637216,-0.12267365,-0.0027887038,0.020909805,0,0,493500
31300,50000,1.2124577e-07,2.1e-05,0.15020663,-0.12501826,-0.0021037411,0.023084627,0,0,493500
31400,50000,1.2412083e-07,2.1e-05,0.1533722,-0.12768071,-0.0015425076,0.024148982,0,0,493500
31500,50000,1.2707597e-07,2.1e-05,0.15568968,-0.1306733,-0.0011641594,0.023852219,0,0,493500
31600,50000,1.3020073e-07,2.1e-05,0.15722094,-0.13398376,-0.00089699374,0.022340188,0,0,493500
31700,50000,1.3334656e-07,2.1e-05,0.16045733,-0.1378539,-0.00071526919,0.021888153,0,0,493500
31800,50000,1.3638796e-07,2.1e-05,0.16415348,-0.14224997,-0.0006855826,0.021217932,0,0,493500
31900,50000,1.3921424e-07,2.1e-05,0.16783754,-0.14700796,-0.00076815473,0.020061431,0,0,493500
32000,50000,1.4183237e-07,2.1e-05,0.17127245,-0.15182455,-0.00099317982,0.018454728,0,0,493500
32001,50000,1.4185799e-07,2.1e-05,0.17130522,-0.15187207,-0.00099634514,0.018436801,0,0,493500
32001,50000,1.4185799e-07,2.2e-05,0.33935204,-0.30374384,-0.0020429301,0.033565264,0,0,0
32001,50000,1.4185799e-07,2.2e-05,0.50739886,-0.45561561,-0.003089515,0.048693726,0,0,0
32100,50000,1.4444501e-07,2.2e-05,0.17438168,-0.15642933,-0.0013880178,0.016564334,0,0,493500
32200,50000,1.4744299e-07,2.2e-05,0.17707784,-0.16064667,-0.0018189857,0.01461218,0,0,493500
32300,50000,1.5108869e-07,2.2e-05,0.17908788,-0.16429788,-0.0022174159,0.012572581,0,0,493500
32400,50000,1.5533321e-07,2.2e-05,0.1801182,-0.16721231,-0.002624633,0.010281247,0,0,493500
32500,50000,1.5988881e-07,2.2e-05,0.18003342,-0.16943366,-0.0031224968,0.0074772652,0,0,493500
32600,50000,1.6437952e-07,2.2e-05,0.17881648,-0.17116956,-0.0036126,0.0040343195,0,0,493500
32700,50000,1.685503e-07,2.2e-05,0.17676899,-0.17261354,-0.0038334354,0.0003220173,0,0,493500
32800,50000,1.7236859e-07,2.2e-05,0.17434461,-0.17392724,-0.0036886423,-0.0032712765,0,0,493500
32900,50000,1.759001e-07,2.2e-05,0.17179492,-0.17519453,-0.0031378865,-0.0065375018,0,0,493500
33000,50000,1.7886698e-07,2.2e-05,0.16920663,-0.17650035,-0.0022337788,-0.0095274937,0,0,493500
33001,50000,1.7889235e-07,2.2e-05,0.16918082,-0.17651329,-0.0022231254,-0.0095556039,0,0,493500
33001,50000,1.7889235e-07,2.3e-05,0.33510451,-0.35302658,-0.0045728055,-0.022494874,0,0,0
33001,50000,1.7889235e-07,2.3e-05,0.5010282,-0.52953986,-0.0069224857,-0.035434144,0,0,0
33100,50000,1.8089857e-07,2.3e-05,0.16684418,-0.17788366,-0.0010649494,-0.012104425,0,0,493500
33200,50000,1.8198057e-07,2.3e-05,0.16520387,-0.17925712,6.7039584e-05,-0.013986207,0,0,493500
33300,50000,1.8268957e-07,2.3e-05,0.16460613,-0.1805768,0.0012206846,-0.01474999,0,0,493500
33400,50000,1.8368923e-07,2.3e-05,0.16506175,-0.18170917,0.0023814683,-0.014265957,0,0,493500
33500,50000,1.8529082e-07,2.3e-05,0.16621203,-0.18276529,0.003444584,-0.013108672,0,0,493500
33600,50000,1.872944e-07,2.3e-05,0.16758966,-0.18384537,0.0042848164,-0.011970894,0,0,493500
33700,50000,1.8923884e-07,2.3e-05,0.1688857,-0.18476465,0.0048377372,-0.011041204,0,0,493500
33800,50000,1.9098292e-07,2.3e-05,0.17005559,-0.18569523,0.0051544475,-0.01048519,0,0,493500
33900,50000,1.9275832e-07,2.3e-05,0.17119768,-0.18643224,0.0052856569,-0.0099488979,0,0,493500
34000,50000,1.9451035e-07,2.3e-05,0.17243772,-0.18697443,0.0053227008,-0.0092140133,0,0,493500
34001,50000,1.9452716e-07,2.3e-05,0.17245108,-0.18697932,0.0053224917,-0.0092057529,0,0,493500
34001,50000,1.9452716e-07,2.4e-05,0.34137786,-0.3739584,0.010528174,-0.022052367,0,0,0
34001,50000,1.9452716e-07,2.4e-05,0.51030464,-0.56093748,0.015733856,-0.034898982,0,0,0
34100,50000,1.9605296e-07,2.4e-05,0.17388822,-0.18736862,0.005277163,-0.0082032402,0,0,493500
34200,50000,1.9728526e-07,2.4e-05,0.17547111,-0.18763921,0.0052059042,-0.006962194,0,0,493500
34300,50000,1.9827789e-07,2.4e-05,0.17708295,-0.18766258,0.005182098,-0.0053975338,0,0,493500
34400,50000,1.9917725e-07,2.4e-05,0.17868436,-0.18744919,0.0052290114,-0.0035358103,0,0,493500
34500,50000,2.0019226e-07,2.4e-05,0.18029643,-0.18707879,0.0053807782,-0.0014015729,0,0,493500
34600,50000,2.0149138e-07,2.4e-05,0.18193185,-0.18669227,0.0056139302,0.00085351338,0,0,493500
34700,50000,2.0317656e-07,2.4e-05,0.18353076,-0.1863893,0.0058458223,0.0029872878,0,0,493500
34800,50000,2.052291e-07,2.4e-05,0.18497043,-0.1867329,0.0060429338,0.0042804611,0,0,493500
34900,50000,2.0758498e-07,2.4e-05,0.18612027,-0.1876433,0.0061863262,0.0046632913,0,0,493500
35000,50000,2.101301e-07,2.4e-05,0.18698233,-0.18905469,0.0063484304,0.0042760758,0,0,493500
35001,50000,2.1015613e-07,2.4e-05,0.18698983,-0.18907064,0.0063501996,0.004269385,0,0,493500
35001,50000,2.1015613e-07,2.5e-05,0.3702332,-0.37814134,0.012660895,0.0047527514,0,0,0
35001,50000,2.1015613e-07,2.5e-05,0.55347656,-0.56721204,0.01897159,0.0052361178,0,0,0
35100,50000,2.1275151e-07,2.5e-05,0.18767402,-0.19083692,0.0065576241,0.003394723,0,0,493500
35200,50000,2.1539712e-07,2.5e-05,0.18834581,-0.19295193,0.0067664845,0.0021603662,0,0,493500
35300,50000,2.1792245e-07,2.5e-05,0.18902259,-0.19527077,0.006914115,0.00066592741,0,0,493500
35400,50000,2.2022584e-07,2.5e-05,0.18960797,-0.19757182,0.006946801,-0.0010170547,0,0,493500
35500,50000,2.2235475e-07,2.5e-05,0.19007438,-0.19976825,0.0069134107,-0.0027804562,0,0,493500
35600,50000,2.2431979e-07,2.5e-05,0.19047214,-0.20180629,0.0068313991,-0.0045027531,0,0,493500
35700,50000,2.2604311e-07,2.5e-05,0.19088325,-0.20371098,0.0067139193,-0.0061138146,0,0,493500
35800,50000,2.2748202e-07,2.5e-05,0.19136944,-0.20553031,0.0065559787,-0.0076048991,0,0,493500
35900,50000,2.2856576e-07,2.5e-05,0.19194481,-0.20736586,0.0063562051,-0.0090648453,0,0,493500
36000,50000,2.2916994e-07,2.5e-05,0.19252236,-0.2093011,0.0061208917,-0.010657844,0,0,493500
36001,50000,2.2917345e-07,2.5e-05,0.19252784,-0.20932101,0.0061195391,-0.010673632,0,0,493500
36001,50000,2.2917345e-07,2.6e-05,0.38136748,-0.41864192,0.012239731,-0.025034715,0,0,0
36001,50000,2.2917345e-07,2.6e-05,0.57020711,-0.62796283,0.018359922,-0.039395798,0,0,0
36100,50000,2.292944e-07,2.6e-05,0.19304273,-0.21136089,0.0059032403,-0.012414927,0,0,493500
36200,50000,2.2908976e-07,2.6e-05,0.19351858,-0.21355487,0.0056995787,-0.014336709,0,0,493500
36300,50000,2.2877733e-07,2.6e-05,0.19402335,-0.21589912,0.0054551031,-0.016420667,0,0,493500
36400,50000,2.2868047e-07,2.6e-05,0.19471384,-0.2182964,0.0051251763,-0.018457386,0,0,493500
36500,50000,2.2899723e-07,2.6e-05,0.195744,-0.2206083,0.0046775703,-0.020186724,0,0,493500
36600,50000,2.2972588e-07,2.6e-05,0.1972346,-0.22270347,0.0041467341,-0.021322133,0,0,493500
36700,50000,2.3087078e-07,2.6e-05,0.19925958,-0.22456465,0.0035984708,-0.021706594,0,0,493500
36800,50000,2.3239277e-07,2.6e-05,0.20181512,-0.22621588,0.0030510624,-0.021349697,0,0,493500
36900,50000,2.3407759e-07,2.6e-05,0.20480705,-0.22776846,0.002512068,-0.020449343,0,0,493500
37000,50000,2.3570624e-07,2.6e-05,0.20815612,-0.22938202,0.0019903961,-0.019235512,0,0,493500
37001,50000,2.3572181e-07,2.6e-05,0.20819127,-0.22939864,0.0019854842,-0.019221889,0,0,493500
37001,50000,2.3572181e-07,2.7e-05,0.41245349,-0.45879725,0.0036030301,-0.04274073,0,0,0
37001,50000,2.3572181e-07,2.7e-05,0.6167157,-0.68819585,0.005220576,-0.066259571,0,0,0
37100,50000,2.3720076e-07,2.7e-05,0.21179385,-0.2311396,0.0015648271,-0.017780927,0,0,493500
37200,50000,2.3867942e-07,2.7e-05,0.21545233,-0.23305556,0.0012286965,-0.016374534,0,0,493500
37300,50000,2.4029763e-07,2.7e-05,0.21880373,-0.23516532,0.0010112176,-0.015350375,0,0,493500
37400,50000,2.4215267e-07,2.7e-05,0.22158633,-0.23757991,0.00083612504,-0.015157449,0,0,493500
37500,50000,2.4420574e-07,2.7e-05,0.22368192,-0.24028351,0.00071651423,-0.015885085,0,0,493500
37600,50000,2.4642958e-07,2.7e-05,0.22517665,-0.24317376,0.00066404713,-0.017333063,0,0,493500
37700,50000,2.4879924e-07,2.7e-05,0.22617283,-0.24601323,0.00068584364,-0.019154554,0,0,493500
37800,50000,2.5125415e-07,2.7e-05,0.2266712,-0.24866623,0.00075306251,-0.021241964,0,0,493500
37900,50000,2.5376041e-07,2.7e-05,0.22666766,-0.25107139,0.00084842793,-0.023555298,0,0,493500
38000,50000,2.5635836e-07,2.7e-05,0.22624985,-0.25313238,0.0009999306,-0.0258826,0,0,493500
38001,50000,2.5638498e-07,2.7e-05,0.22624396,-0.25315142,0.0010013837,-0.025906073,0,0,493500
38001,50000,2.5638498e-07,2.8e-05,0.44846199,-0.50630235,0.0023286219,-0.055511735,0,0,0
38001,50000,2.5638498e-07,2.8e-05,0.67068002,-0.75945328,0.0036558601,-0.085117396,0,0,0
38100,50000,2.5909579e-07,2.8e-05,0.22553374,-0.25486309,0.0012252309,-0.028104121,0,0,493500
38200,50000,2.619937e-07,2.8e-05,0.22468228,-0.25622281,0.0015200109,-0.030020512,0,0,493500
38300,50000,2.6501616e-07,2.8e-05,0.22384905,-0.25711416,0.001848035,-0.03141707,0,0,493500
38400,50000,2.680057e-07,2.8e-05,0.22302905,-0.25758999,0.0020987227,-0.032462217,0,0,493500
38500,50000,2.7080688e-07,2.8e-05,0.22224758,-0.25778937,0.0023428368,-0.033198952,0,0,493500
38600,50000,2.7341287e-07,2.8e-05,0.22157636,-0.25790542,0.0026070408,-0.033722022,0,0,493500
38700,50000,2.7593722e-07,2.8e-05,0.22111428,-0.25804138,0.0029213624,-0.034005747,0,0,493500
38800,50000,2.7856236e-07,2.8e-05,0.22098357,-0.25812133,0.0033455755,-0.033792189,0,0,493500
38900,50000,2.8146258e-07,2.8e-05,0.22125378,-0.2582276,0.0039023626,-0.033071457,0,0,493500
39000,50000,2.8469444e-07,2.8e-05,0.22189479,-0.25845066,0.0046063557,-0.03194952,0,0,493500
39001,50000,2.8472835e-07,2.8e-05,0.22190278,-0.25845375,0.0046153522,-0.031935616,0,0,493500
39001,50000,2.8472835e-07,2.9e-05,0.43992214,-0.5169076,0.0097289641,-0.067256491,0,0,0
39001,50000,2.8472835e-07,2.9e-05,0.65794151,-0.77536145,0.014842576,-0.10257737,0,0,0
39100,50000,2.8821468e-07,2.9e-05,0.22284787,-0.25886202,0.0054856944,-0.030528454,0,0,493500
39200,50000,2.9191966e-07,2.9e-05,0.22408108,-0.25949131,0.0065089409,-0.028901291,0,0,493500
39300,50000,2.9570887e-07,2.9e-05,0.22553571,-0.26021321,0.0075730658,-0.027104434,0,0,493500
39400,50000,2.9955914e-07,2.9e-05,0.2272522,-0.26097758,0.0086334212,-0.025091957,0,0,493500
39500,50000,3.0350381e-07,2.9e-05,0.22926324,-0.26170592,0.0095829842,-0.022859694,0,0,493500
39600,50000,3.0759301e-07,2.9e-05,0.2314754,-0.26234416,0.010342494,-0.020526262,0,0,493500
39700,50000,3.1187503e-07,2.9e-05,0.23375677,-0.26291129,0.010947024,-0.018207492,0,0,493500
39800,50000,3.1637201e-07,2.9e-05,0.23588561,-0.26333726,0.011414525,-0.016037127,0,0,493500
39900,50000,3.2103139e-07,2.9e-05,0.23771957,-0.26358744,0.011679352,-0.014188517,0,0,493500
40000,50000,3.257613e-07,2.9e-05,0.23918508,-0.26363325,0.011768242,-0.012679933,0,0,493500
40001,50000,3.2580863e-07,2.9e-05,0.23919772,-0.26363249,0.011768272,-0.012666489,0,0,493500
40001,50000,3.2580863e-07,3e-05,0.47493828,-0.52726471,0.023563747,-0.028762684,0,0,0
40001,50000,3.2580863e-07,3e-05,0.71067884,-0.79089694,0.035359223,-0.044858878,0,0,0
40100,50000,3.3047376e-07,3e-05,0.24024205,-0.26344888,0.011718492,-0.011488345,0,0,493500
40200,50000,3.3511263e-07,3e-05,0.24076094,-0.26295776,0.011431214,-0.010765602,0,0,493500
40300,50000,3.3963492e-07,3e-05,0.24067067,-0.26230628,0.010840213,-0.010795404,0,0,493500
40400,50000,3.4401404e-07,3e-05,0.24004561,-0.26162398,0.010018818,-0.011559553,0,0,493500
40500,50000,3.4824983e-07,3e-05,0.23905001,-0.26089668,0.0088928135,-0.012953859,0,0,493500
40600,50000,3.5235921e-07,3e-05,0.2379353,-0.26015984,0.0075988926,-0.014625647,0,0,493500
40700,50000,3.5635044e-07,3e-05,0.23689456,-0.25941789,0.0063491609,-0.016174168,0,0,493500
40800,50000,3.6023794e-07,3e-05,0.23600175,-0.25869057,0.005276694,-0.017412124,0,0,493500
40900,50000,3.6402682e-07,3e-05,0.23528857,-0.25810817,0.0044251563,-0.018394445,0,0,493500
41000,50000,3.6772264e-07,3e-05,0.23482172,-0.25785319,0.0036719141,-0.019359556,0,0,493500
41001,50000,3.6775919e-07,3e-05,0.23481831,-0.25785297,0.0036667295,-0.019367922,0,0,493500
41001,50000,3.6775919e-07,3.1e-05,0.46622763,-0.51570609,0.0070629545,-0.042415501,0,0,0
41001,50000,3.6775919e-07,3.1e-05,0.69763695,-0.77355921,0.010459179,-0.065463081,0,0,0
41100,50000,3.7133603e-07,3.1e-05,0.23462602,-0.25808044,0.0033260656,-0.020128359,0,0,493500
41200,50000,3.7490275e-07,3.1e-05,0.23475546,-0.25885774,0.0034538762,-0.020648405,0,0,493500
41300,50000,3.7846361e-07,3.1e-05,0.23522967,-0.26021171,0.0040679304,-0.020914107,0,0,493500
41400,50000,3.8206294e-07,3.1e-05,0.23598369,-0.26211417,0.0050887179,-0.021041759,0,0,493500
41500,50000,3.8538734e-07,3.1e-05,0.23699329,-0.26448798,0.0063843832,-0.021110299,0,0,493500
41600,50000,3.8753601e-07,3.1e-05,0.23820911,-0.26719636,0.0077323084,-0.021254948,0,0,493500
41700,50000,3.8874511e-07,3.1e-05,0.23957429,-0.27018316,0.0086562214,-0.021952643,0,0,493500
41800,50000,3.8999988e-07,3.1e-05,0.24107436,-0.2733228,0.0094481509,-0.02280029,0,0,493500
41900,50000,3.9223351e-07,3.1e-05,0.24264702,-0.27652187,0.010025431,-0.02384942,0,0,493500
42000,50000,3.9577425e-07,3.1e-05,0.24424937,-0.27976075,0.010307028,-0.025204355,0,0,493500
42001,50000,3.9581547e-07,3.1e-05,0.24426553,-0.27979258,0.010310193,-0.025216858,0,0,493500
42001,50000,3.9581547e-07,3.2e-05,0.48506234,-0.55958502,0.020472858,-0.054049821,0,0,0
42001,50000,3.9581547e-07,3.2e-05,0.72585915,-0.83937746,0.030635523,-0.082882784,0,0,0
42100,50000,4.0022128e-07,3.2e-05,0.24589489,-0.28284182,0.010289924,-0.026657006,0,0,493500
42200,50000,4.0477086e-07,3.2e-05,0.24766635,-0.28576075,0.010077632,-0.028016769,0,0,493500
42300,50000,4.089603e-07,3.2e-05,0.24969157,-0.28853321,0.0098581158,-0.028983525,0,0,493500
42400,50000,4.1298591e-07,3.2e-05,0.25209511,-0.29115564,0.0097680957,-0.029292436,0,0,493500
42500,50000,4.1725683e-07,3.2e-05,0.25494316,-0.29352554,0.0098487476,-0.028733632,0,0,493500
42600,50000,4.2162226e-07,3.2e-05,0.25804674,-0.29540559,0.010135631,-0.027223225,0,0,493500
42700,50000,4.2567571e-07,3.2e-05,0.26105401,-0.29672493,0.010528128,-0.025142789,0,0,493500
42800,50000,4.2955715e-07,3.2e-05,0.26364999,-0.29721674,0.010960206,-0.022606545,0,0,493500
42900,50000,4.3347837e-07,3.2e-05,0.26550926,-0.29729352,0.01124259,-0.020541668,0,0,493500
43000,50000,4.378245e-07,3.2e-05,0.26647128,-0.29704128,0.011471607,-0.019098396,0,0,493500
43001,50000,4.3787078e-07,3.2e-05,0.2664764,-0.29704058,0.011473454,-0.019090732,0,0,493500
43001,50000,4.3787078e-07,3.3e-05,0.52937151,-0.59408244,0.02279493,-0.041916002,0,0,0
43001,50000,4.3787078e-07,3.3e-05,0.79226663,-0.89112431,0.034116406,-0.064741271,0,0,0
43100,50000,4.4262464e-07,3.3e-05,0.26652495,-0.2966883,0.011589897,-0.018573457,0,0,493500
43200,50000,4.4749746e-07,3.3e-05,0.2656593,-0.29641646,0.011586694,-0.019170467,0,0,493500
43300,50000,4.5194256e-07,3.3e-05,0.26408453,-0.29680035,0.011436001,-0.021279816,0,0,493500
43400,50000,4.561012e-07,3.3e-05,0.26214167,-0.29792232,0.011190506,-0.024590148,0,0,493500
43500,50000,4.6043911e-07,3.3e-05,0.26015503,-0.29969261,0.011076286,-0.028461291,0,0,493500
43600,50000,4.6507441e-07,3.3e-05,0.25848368,-0.30184284,0.011123989,-0.032235172,0,0,493500
43700,50000,4.6966556e-07,3.3e-05,0.25730693,-0.30418288,0.01127307,-0.035602881,0,0,493500
43800,50000,4.7384707e-07,3.3e-05,0.2567136,-0.30637659,0.011451367,-0.038211628,0,0,493500
43900,50000,4.7756441e-07,3.3e-05,0.25682601,-0.30814048,0.011577042,-0.039737422,0,0,493500
44000,50000,4.8089823e-07,3.3e-05,0.25763732,-0.30927385,0.011599766,-0.040036768,0,0,493500
44001,50000,4.8093009e-07,3.3e-05,0.25764884,-0.30928157,0.011599095,-0.04003364,0,0,493500
44001,50000,4.8093009e-07,3.4e-05,0.51173749,-0.61856252,0.023771312,-0.083053715,0,0,0
44001,50000,4.8093009e-07,3.4e-05,0.76582615,-0.92784347,0.035943529,-0.12607379,0,0,0
44100,50000,4.8399462e-07,3.4e-05,0.25911661,-0.30977324,0.011554018,-0.039102611,0,0,493500
44200,50000,4.8710165e-07,3.4e-05,0.26117384,-0.30964332,0.011541317,-0.036928169,0,0,493500
44300,50000,4.9049076e-07,3.4e-05,0.26359225,-0.30878654,0.01154005,-0.033654233,0,0,493500
44400,50000,4.9421658e-07,3.4e-05,0.26610182,-0.30734099,0.011573548,-0.029665623,0,0,493500
44500,50000,4.9817758e-07,3.4e-05,0.26838378,-0.30523121,0.011656644,-0.025190791,0,0,493500
44600,50000,5.0212402e-07,3.4e-05,0.27021477,-0.30247337,0.011826538,-0.020432063,0,0,493500
44700,50000,5.0578004e-07,3.4e-05,0.2715151,-0.29940494,0.012237532,-0.015652313,0,0,493500
44800,50000,5.0911768e-07,3.4e-05,0.27228051,-0.29638917,0.012824128,-0.011284532,0,0,493500
44900,50000,5.1236052e-07,3.4e-05,0.27260375,-0.29391729,0.013481071,-0.0078324689,0,0,493500
45000,50000,5.1551117e-07,3.4e-05,0.27260344,-0.29210571,0.014047106,-0.0054551625,0,0,493500
45001,50000,5.1553997e-07,3.4e-05,0.27260223,-0.29209119,0.014051523,-0.0054374392,0,0,493500
45001,50000,5.1553997e-07,3.5e-05,0.54160768,-0.58418284,0.027657514,-0.014917644,0,0,0
45001,50000,5.1553997e-07,3.5e-05,0.81061313,-0.87627448,0.041263505,-0.024397849,0,0,0
45100,50000,5.1791769e-07,3.5e-05,0.27244352,-0.29135387,0.014374156,-0.0045362032,0,0,493500
45200,50000,5.1912792e-07,3.5e-05,0.27236608,-0.29177821,0.014427403,-0.004984723,0,0,493500
45300,50000,5.1895594e-07,3.5e-05,0.27256653,-0.29309827,0.014258912,-0.0062728364,0,0,493500
45400,50000,5.1786327e-07,3.5e-05,0.27322146,-0.29492486,0.013816322,-0.0078870793,0,0,493500
45500,50000,5.1664263e-07,3.5e-05,0.27443399,-0.2969083,0.013349529,-0.0091247798,0,0,493500
45600,50000,5.1607268e-07,3.5e-05,0.27614828,-0.29868623,0.012935525,-0.0096024282,0,0,493500
45700,50000,5.1664647e-07,3.5e-05,0.27832837,-0.29998835,0.012881716,-0.0087782548,0,0,493500
45800,50000,5.1831074e-07,3.5e-05,0.28087567,-0.30091051,0.013388538,-0.0066463069,0,0,493500
45900,50000,5.2049474e-07,3.5e-05,0.2835883,-0.30149505,0.01452328,-0.0033834665,0,0,493500
46000,50000,5.2249067e-07,3.5e-05,0.28623546,-0.30195259,0.016170879,0.00045374234,0,0,493500
46001,50000,5.2250882e-07,3.5e-05,0.2862605,-0.30195767,0.016188926,0.00049176019,0,0,493500
46001,50000,5.2250882e-07,3.6e-05,0.56888228,-0.6039154,0.032358444,-0.002674682,0,0,0
46001,50000,5.2250882e-07,3.6e-05,0.85150405,-0.90587314,0.048527962,-0.0058411242,0,0,0
46100,50000,5.2414275e-07,3.6e-05,0.28845357,-0.30256198,0.01818779,0.0040793743,0,0,493500
46200,50000,5.2559632e-07,3.6e-05,0.28989521,-0.30355549,0.020406269,0.0067459916,0,0,493500
46300,50000,5.2718087e-07,3.6e-05,0.29037792,-0.30522507,0.022576236,0.0077290855,0,0,493500
46400,50000,5.2919519e-07,3.6e-05,0.28987872,-0.30771293,0.024447553,0.0066133436,0,0,493500
46500,50000,5.31444e-07,3.6e-05,0.28855082,-0.31105958,0.025721846,0.0032130919,0,0,493500
46600,50000,5.3310941e-07,3.6e-05,0.28664199,-0.31515832,0.026226361,-0.0022899667,0,0,493500
46700,50000,5.3351329e-07,3.6e-05,0.28449349,-0.31991413,0.025844705,-0.0095759282,0,0,493500
46800,50000,5.3274106e-07,3.6e-05,0.28251648,-0.32504116,0.02487242,-0.017652254,0,0,493500
46900,50000,5.3177578e-07,3.6e-05,0.28109706,-0.33005598,0.023697008,-0.025261907,0,0,493500
47000,50000,5.3143525e-07,3.6e-05,0.28053047,-0.33444946,0.022499612,-0.03141938,0,0,493500
47001,50000,5.3143598e-07,3.6e-05,0.2805297,-0.33448858,0.022487029,-0.031471845,0,0,493500
47001,50000,5.3143598e-07,3.7e-05,0.55743154,-0.66897643,0.045236236,-0.066308658,0,0,0
47001,50000,5.3143598e-07,3.7e-05,0.83433338,-1.0034643,0.067985443,-0.10114547,0,0,0
47100,50000,5.318111e-07,3.7e-05,0.280925,-0.33785494,0.021338017,-0.035591917,0,0,493500
47200,50000,5.3256262e-07,3.7e-05,0.28214844,-0.34030213,0.020004839,-0.038148853,0,0,493500
47300,50000,5.3355601e-07,3.7e-05,0.28395637,-0.34194565,0.018261002,-0.039728276,0,0,493500
47400,50000,5.3495289e-07,3.7e-05,0.28600728,-0.34298008,0.016454551,-0.040518247,0,0,493500
47500,50000,5.3694286e-07,3.7e-05,0.28793604,-0.34361876,0.015177797,-0.04050492,0,0,493500
47600,50000,5.3945897e-07,3.7e-05,0.28945143,-0.34433157,0.014658853,-0.040221292,0,0,493500
47700,50000,5.4225418e-07,3.7e-05,0.29035932,-0.34551256,0.014960146,-0.040193094,0,0,493500
47800,50000,5.4530665e-07,3.7e-05,0.29065566,-0.34719155,0.015851295,-0.040684588,0,0,493500
47900,50000,5.4873043e-07,3.7e-05,0.2904352,-0.3492432,0.017261404,-0.0415466,0,0,493500
48000,50000,5.5251197e-07,3.7e-05,0.28981886,-0.35118692,0.018596848,-0.042771217,0,0,493500
48001,50000,5.5254891e-07,3.7e-05,0.28981139,-0.35120448,0.018607909,-0.042785189,0,0,493500
48001,50000,5.5254891e-07,3.8e-05,0.57598557,-0.70240861,0.037589023,-0.088834012,0,0,0
48001,50000,5.5254891e-07,3.8e-05,0.86215976,-1.0536127,0.056570138,-0.13488284,0,0,0
48100,50000,5.555866e-07,3.8e-05,0.28902756,-0.35267471,0.019478747,-0.0441684,0,0,493500
48200,50000,5.5738589e-07,3.8e-05,0.28826554,-0.35368576,0.019482693,-0.045937528,0,0,493500
48300,50000,5.5866855e-07,3.8e-05,0.28774172,-0.35376762,0.018806375,-0.04721952,0,0,493500
48400,50000,5.6025862e-07,3.8e-05,0.28753449,-0.35297182,0.017821815,-0.047615516,0,0,493500
48500,50000,5.625093e-07,3.8e-05,0.28764514,-0.3515445,0.016770815,-0.047128547,0,0,493500
48600,50000,5.6485841e-07,3.8e-05,0.28821059,-0.34989918,0.015968972,-0.045719612,0,0,493500
48700,50000,5.6618349e-07,3.8e-05,0.28951664,-0.34862247,0.015622286,-0.043483544,0,0,493500
48800,50000,5.6637568e-07,3.8e-05,0.29186164,-0.34822046,0.015738152,-0.04062067,0,0,493500
48900,50000,5.6645829e-07,3.8e-05,0.29544578,-0.34904888,0.016262135,-0.037340966,0,0,493500
49000,50000,5.6739346e-07,3.8e-05,0.30025603,-0.35135008,0.017009656,-0.034084392,0,0,493500
49001,50000,5.6740804e-07,3.8e-05,0.30030982,-0.3513808,0.017016463,-0.034054518,0,0,493500
49001,50000,5.6740804e-07,3.9e-05,0.59635929,-0.70276241,0.034128806,-0.07227431,0,0,0
49001,50000,5.6740804e-07,3.9e-05,0.89240877,-1.054144,0.051241148,-0.1104941,0,0,0
49100,50000,5.6923108e-07,3.9e-05,0.30611648,-0.35491887,0.017545232,-0.031257159,0,0,493500
49200,50000,5.7144424e-07,3.9e-05,0.3126446,-0.35916054,0.017559831,-0.028956106,0,0,493500
49300,50000,5.7351803e-07,3.9e-05,0.31930162,-0.36358411,0.017090277,-0.027192216,0,0,493500
49400,50000,5.7552571e-07,3.9e-05,0.32562597,-0.3678018,0.016319004,-0.025856827,0,0,493500
49500,50000,5.775876e-07,3.9e-05,0.33127005,-0.37145404,0.015482573,-0.024701425,0,0,493500
49600,50000,5.7960787e-07,3.9e-05,0.33604272,-0.37406303,0.014659837,-0.023360472,0,0,493500
49700,50000,5.8173965e-07,3.9e-05,0.33998385,-0.37544446,0.014089207,-0.021371406,0,0,493500
49800,50000,5.8449449e-07,3.9e-05,0.34307857,-0.37555195,0.013879893,-0.018593489,0,0,493500
49900,50000,5.8822468e-07,3.9e-05,0.34525116,-0.37444899,0.014410459,-0.014787372,0,0,493500
50000,50000,5.9259781e-07,3.9e-05,0.34642004,-0.37262275,0.014738612,-0.011464095,0,0,493500
50001,50000,5.9264248e-07,3.9e-05,0.3464265,-0.37260255,0.01474517,-0.01143088,0,0,493500
50001,50000,5.9264248e-07,4e-05,0.68835504,-0.74520491,0.02993771,-0.026912169,0,0,0
50001,50000,5.9264248e-07,4e-05,1.0302836,-1.1178073,0.045130249,-0.042393457,0,0,0
50100,50000,5.9696665e-07,4e-05,0.34653253,-0.37050487,0.015241221,-0.0087311145,0,0,493500
50200,50000,6.0089867e-07,4e-05,0.34570805,-0.36833405,0.015843429,-0.0067825616,0,0,493500
50300,50000,6.0413964e-07,4e-05,0.34415082,-0.36628757,0.016681407,-0.0054553414,0,0,493500
50400,50000,6.0674243e-07,4e-05,0.34217896,-0.36466352,0.017460662,-0.0050239001,0,0,493500
50500,50000,6.0902339e-07,4e-05,0.34026229,-0.36390099,0.018065723,-0.0055729809,0,0,493500
50600,50000,6.1117083e-07,4e-05,0.33888901,-0.36434037,0.018546402,-0.0069049603,0,0,493500
50700,50000,6.1332354e-07,4e-05,0.33849915,-0.36608405,0.018999241,-0.0085856635,0,0,493500
50800,50000,6.1558673e-07,4e-05,0.33934765,-0.36907849,0.018749398,-0.01098144,0,0,493500
50900,50000,6.1795434e-07,4e-05,0.34142956,-0.37331598,0.01772486,-0.014161566,0,0,493500
51000,50000,6.2046702e-07,4e-05,0.34454722,-0.37842451,0.016136027,-0.017741259,0,0,493500
51001,50000,6.2049359e-07,4e-05,0.34458238,-0.37847819,0.016119155,-0.017776661,0,0,493500
51001,50000,6.2049359e-07,4.1e-05,0.68469177,-0.75695664,0.032602388,-0.039662484,0,0,0
51001,50000,6.2049359e-07,4.1e-05,1.0248012,-1.1354351,0.049085622,-0.061548307,0,0,0
51100,50000,6.2329e-07,4.1e-05,0.34830607,-0.38399431,0.013906133,-0.021782105,0,0,493500
51200,50000,6.2640689e-07,4.1e-05,0.35226286,-0.38966859,0.011162907,-0.026242816,0,0,493500
51300,50000,6.2984157e-07,4.1e-05,0.35608979,-0.39486668,0.008318375,-0.030458517,0,0,493500
51400,50000,6.3369741e-07,4.1e-05,0.35943271,-0.39925455,0.0055038202,-0.034318018,0,0,493500
51500,50000,6.379945e-07,4.1e-05,0.36207904,-0.40259703,0.0030871159,-0.037430879,0,0,493500
51600,50000,6.4273771e-07,4.1e-05,0.36399838,-0.40483145,0.0012592459,-0.039573828,0,0,493500
51700,50000,6.4777071e-07,4.1e-05,0.36530044,-0.40606987,-0.00014831922,-0.040917751,0,0,493500
51800,50000,6.5277842e-07,4.1e-05,0.36619135,-0.40647513,-0.00086006812,-0.041143849,0,0,493500
51900,50000,6.5751207e-07,4.1e-05,0.36680795,-0.40632512,-0.00095280811,-0.040469976,0,0,493500
52000,50000,6.6180314e-07,4.1e-05,0.36719176,-0.40593967,-0.00052459391,-0.039272509,0,0,493500
52001,50000,6.6184351e-07,4.1e-05,0.36719414,-0.4059354,-0.00051928408,-0.039260549,0,0,493500
52001,50000,6.6184351e-07,4.2e-05,0.72985869,-0.81187055,-0.00093385574,-0.082945715,0,0,0
52001,50000,6.6184351e-07,4.2e-05,1.0925232,-1.2178057,-0.0013484274,-0.12663088,0,0,0
52100,50000,6.6563966e-07,4.2e-05,0.36726515,-0.40543331,0.00028226282,-0.037885895,0,0,493500
52200,50000,6.6912979e-07,4.2e-05,0.36697921,-0.40482535,0.0012264396,-0.036619704,0,0,493500
52300,50000,6.7211316e-07,4.2e-05,0.36642548,-0.40414061,0.0022821852,-0.035432945,0,0,493500
52400,50000,6.7298766e-07,4.2e-05,0.36577932,-0.40339636,0.0033392837,-0.03427776,0,0,493500
52500,50000,6.7153088e-07,4.2e-05,0.36566414,-0.40270815,0.004385257,-0.032658752,0,0,493500
52600,50000,6.6923523e-07,4.2e-05,0.36666233,-0.40210611,0.0052547319,-0.030189046,0,0,493500
52700,50000,6.6776319e-07,4.2e-05,0.36849292,-0.40164532,0.0053894309,-0.027762964,0,0,493500
52800,50000,6.6755657e-07,4.2e-05,0.37052631,-0.40127845,0.0061236795,-0.024628462,0,0,493500
52900,50000,6.6777804e-07,4.2e-05,0.37226685,-0.40072188,0.0074144833,-0.021040551,0,0,493500
53000,50000,6.6754193e-07,4.2e-05,0.37348562,-0.39989497,0.0090931922,-0.017316158,0,0,493500
53001,50000,6.6753605e-07,4.2e-05,0.37349557,-0.3998844,0.0091121152,-0.01727672,0,0,493500
53001,50000,6.6753605e-07,4.3e-05,0.74244365,-0.79976821,0.018420469,-0.038904092,0,0,0
53001,50000,6.6753605e-07,4.3e-05,1.1113917,-1.199652,0.027728822,-0.060531463,0,0,0
53100,50000,6.6670354e-07,4.3e-05,0.3742747,-0.39878442,0.010822396,-0.013687332,0,0,493500
53200,50000,6.6484039e-07,4.3e-05,0.37448823,-0.39744928,0.012490312,-0.010470739,0,0,493500
53300,50000,6.6147823e-07,4.3e-05,0.37370076,-0.39591603,0.013993955,-0.0082213136,0,0,493500
53400,50000,6.5672124e-07,4.3e-05,0.37180394,-0.39420901,0.015111962,-0.0072931144,0,0,493500
53500,50000,6.5079033e-07,4.3e-05,0.36934075,-0.3923675,0.015552525,-0.0074742192,0,0,493500
53600,50000,6.4440088e-07,4.3e-05,0.36727937,-0.39044675,0.015016199,-0.0081511841,0,0,493500
53700,50000,6.3834105e-07,4.3e-05,0.36605072,-0.388691,0.013766693,-0.0088735834,0,0,493500
53800,50000,6.3283977e-07,4.3e-05,0.36541824,-0.3875386,0.011614386,-0.010505968,0,0,493500
53900,50000,6.2743999e-07,4.3e-05,0.36500453,-0.38728562,0.0084690702,-0.013812021,0,0,493500
54000,50000,6.2131241e-07,4.3e-05,0.36479124,-0.38785274,0.0047822436,-0.018279259,0,0,493500
54001,50000,6.2124534e-07,4.3e-05,0.36479142,-0.38786256,0.0047433635,-0.018327779,0,0,493500
54001,50000,6.2124534e-07,4.4e-05,0.72508185,-0.77572565,0.0096017938,-0.041041998,0,0,0
54001,50000,6.2124534e-07,4.4e-05,1.0853723,-1.1635887,0.014460224,-0.063756217,0,0,0
54100,50000,6.1411305e-07,4.4e-05,0.36507435,-0.38928329,0.0012326837,-0.022976256,0,0,493500
54200,50000,6.0631652e-07,4.4e-05,0.36570077,-0.39169597,-0.0015625898,-0.02755779,0,0,493500
54300,50000,5.9842274e-07,4.4e-05,0.36631757,-0.39504881,-0.0030159355,-0.031747177,0,0,493500
54400,50000,5.9074365e-07,4.4e-05,0.36662683,-0.39907278,-0.0029930386,-0.035438998,0,0,493500
54500,50000,5.8333786e-07,4.4e-05,0.36649989,-0.40320272,-0.0015933882,-0.03829622,0,0,493500
54600,50000,5.759357e-07,4.4e-05,0.36633787,-0.40679174,0.00075588619,-0.039697983,0,0,493500
54700,50000,5.6827544e-07,4.4e-05,0.36681467,-0.40929813,0.003323661,-0.039159804,0,0,493500
54800,50000,5.603445e-07,4.4e-05,0.3681904,-0.41029932,0.0053939929,-0.036714924,0,0,493500
54900,50000,5.5233542e-07,4.4e-05,0.37030759,-0.40972529,0.0063846194,-0.033033084,0,0,493500
55000,50000,5.4462971e-07,4.4e-05,0.37296471,-0.40793649,0.0058925316,-0.029079248,0,0,493500
55001,50000,5.4455496e-07,4.4e-05,0.37299312,-0.40791451,0.0058810115,-0.029040372,0,0,493500
55001,50000,5.4455496e-07,4.5e-05,0.74145996,-0.81582865,0.011582103,-0.062786583,0,0,0
55001,50000,5.4455496e-07,4.5e-05,1.1099268,-1.2237428,0.017283194,-0.096532794,0,0,0
55100,50000,5.3736511e-07,4.5e-05,0.37584232,-0.40543179,0.0039643611,-0.025625107,0,0,493500
55200,50000,5.3048106e-07,4.5e-05,0.37881023,-0.40262862,0.0010223707,-0.02279602,0,0,493500
55300,50000,5.2363249e-07,4.5e-05,0.38163889,-0.39986228,-0.0019807498,-0.020204137,0,0,493500
55400,50000,5.1677391e-07,4.5e-05,0.383926,-0.39745706,-0.0043596262,-0.017890681,0,0,493500
55500,50000,5.1053495e-07,4.5e-05,0.38569511,-0.39583016,-0.0053324606,-0.015467507,0,0,493500
55600,50000,5.054944e-07,4.5e-05,0.38710662,-0.39522956,-0.004181908,-0.012304854,0,0,493500
55700,50000,5.0158145e-07,4.5e-05,0.38832144,-0.39560638,-0.0014331033,-0.0087180369,0,0,493500
55800,50000,4.980964e-07,4.5e-05,0.38969458,-0.39671534,0.0020488995,-0.0049718551,0,0,493500
55900,50000,4.9414485e-07,4.5e-05,0.39149079,-0.3983669,0.0060108888,-0.00086522081,0,0,493500
56000,50000,4.8958618e-07,4.5e-05,0.39372094,-0.40052266,0.0094154588,0.0026137381,0,0,493500
56001,50000,4.8953966e-07,4.5e-05,0.39374533,-0.40054658,0.0094415794,0.002640329,0,0,493500
56001,50000,4.8953966e-07,4.6e-05,0.78295548,-0.80109356,0.018927699,0.00078961961,0,0,0
56001,50000,4.8953966e-07,4.6e-05,1.1721656,-1.2016406,0.028413818,-0.0010610898,0,0,0
56100,50000,4.8507549e-07,4.6e-05,0.39635489,-0.40309516,0.011676969,0.0049367002,0,0,493500
56200,50000,4.8119874e-07,4.6e-05,0.3993379,-0.40614422,0.012542413,0.0057360937,0,0,493500
56300,50000,4.7816193e-07,4.6e-05,0.40264393,-0.40978641,0.012159112,0.0050166259,0,0,493500
56400,50000,4.7573103e-07,4.6e-05,0.40630662,-0.41417539,0.010335295,0.0024665211,0,0,493500
56500,50000,4.7348844e-07,4.6e-05,0.4100454,-0.41932992,0.0080368126,-0.0012477059,0,0,493500
56600,50000,4.7134588e-07,4.6e-05,0.41345617,-0.42506181,0.0061320821,-0.0054735567,0,0,493500
56700,50000,4.6976631e-07,4.6e-05,0.41633659,-0.43097941,0.0050505884,-0.0095922328,0,0,493500
56800,50000,4.6903131e-07,4.6e-05,0.41878141,-0.43668362,0.0046777868,-0.013224426,0,0,493500
56900,50000,4.690321e-07,4.6e-05,0.42111121,-0.44179219,0.0044341769,-0.016246807,0,0,493500
57000,50000,4.6950037e-07,4.6e-05,0.42347466,-0.4459869,0.0040887636,-0.018423478,0,0,493500
57001,50000,4.6950643e-07,4.6e-05,0.42349848,-0.44602312,0.0040870885,-0.01843755,0,0,493500
57001,50000,4.6950643e-07,4.7e-05,0.84245633,-0.89204543,0.0084298111,-0.041159288,0,0,0
57001,50000,4.6950643e-07,4.7e-05,1.2614142,-1.3380677,0.012772534,-0.063881027,0,0,0
57100,50000,4.7018704e-07,4.7e-05,0.42578998,-0.44904828,0.0038099514,-0.019448354,0,0,493500
57200,50000,4.7113604e-07,4.7e-05,0.4277174,-0.45087723,0.0041264113,-0.019033423,0,0,493500
57300,50000,4.7238184e-07,4.7e-05,0.4291011,-0.45178342,0.0047772273,-0.017905095,0,0,493500
57400,50000,4.7369011e-07,4.7e-05,0.42998676,-0.45241889,0.005510495,-0.016921629,0,0,493500
57500,50000,4.7476409e-07,4.7e-05,0.43032197,-0.45340144,0.0058097995,-0.017269672,0,0,493500
57600,50000,4.7552164e-07,4.7e-05,0.43007385,-0.45511456,0.0049558065,-0.020084905,0,0,493500
57700,50000,4.760436e-07,4.7e-05,0.42924937,-0.45771648,0.0034808103,-0.0249863,0,0,493500
57800,50000,4.7639202e-07,4.7e-05,0.42803369,-0.46120651,0.0013746546,-0.031798158,0,0,493500
57900,50000,4.7628806e-07,4.7e-05,0.42688546,-0.46517462,-0.00166248,-0.039951637,0,0,493500
58000,50000,4.7527611e-07,4.7e-05,0.42624755,-0.46908332,-0.0048122794,-0.047648046,0,0,493500
58001,50000,4.7526065e-07,4.7e-05,0.42624442,-0.46912065,-0.0048432457,-0.047719471,0,0,493500
58001,50000,4.7526065e-07,4.8e-05,0.84805706,-0.93824086,-0.0092656647,-0.099449468,0,0,0
58001,50000,4.7526065e-07,4.8e-05,1.2698697,-1.4073611,-0.013688084,-0.15117946,0,0,0
58100,50000,4.7329092e-07,4.8e-05,0.42626984,-0.47264166,-0.0076835161,-0.054055341,0,0,493500
58200,50000,4.7078841e-07,4.8e-05,0.42700399,-0.47579657,-0.0095090943,-0.058301673,0,0,493500
58300,50000,4.6832021e-07,4.8e-05,0.42845244,-0.47848501,-0.0098100238,-0.059842587,0,0,493500
58400,50000,4.6628398e-07,4.8e-05,0.43056563,-0.48073542,-0.0086133485,-0.058783135,0,0,493500
58500,50000,4.6485377e-07,4.8e-05,0.43345409,-0.48269206,-0.0060331458,-0.055271123,0,0,493500
58600,50000,4.6392614e-07,4.8e-05,0.43703671,-0.48460986,-0.0022326555,-0.049805807,0,0,493500
58700,50000,4.6278626e-07,4.8e-05,0.44108782,-0.486843,0.0023824304,-0.043372746,0,0,493500
58800,50000,4.6073635e-07,4.8e-05,0.44536902,-0.48963148,0.0072337973,-0.037028661,0,0,493500
58900,50000,4.5779192e-07,4.8e-05,0.44954293,-0.49302493,0.01132897,-0.032153026,0,0,493500
59000,50000,4.5465991e-07,4.8e-05,0.45340649,-0.4968343,0.014051054,-0.029376755,0,0,493500
59001,50000,4.5463001e-07,4.8e-05,0.45344339,-0.49687305,0.014069575,-0.029360088,0,0,493500
59001,50000,4.5463001e-07,4.9e-05,0.90246797,-0.99374575,0.02857709,-0.062700695,0,0,0
59001,50000,4.5463001e-07,4.9e-05,1.3514925,-1.4906184,0.043084605,-0.096041301,0,0,0
59100,50000,4.5187753e-07,4.9e-05,0.45694664,-0.50079985,0.014508351,-0.029344861,0,0,493500
59200,50000,4.4947352e-07,4.9e-05,0.46019729,-0.50493803,0.012613877,-0.032126857,0,0,493500
59300,50000,4.4712684e-07,4.9e-05,0.4632005,-0.50919874,0.0090702637,-0.036927984,0,0,493500
59400,50000,4.4451682e-07,4.9e-05,0.46607526,-0.51329372,0.0049342832,-0.04228418,0,0,493500
59500,50000,4.4165369e-07,4.9e-05,0.4689824,-0.51712001,0.0010267885,-0.047110822,0,0,493500
59600,50000,4.3886704e-07,4.9e-05,0.47211865,-0.52068904,-0.0018641807,-0.050434574,0,0,493500
59700,50000,4.3639348e-07,4.9e-05,0.4756205,-0.52397803,-0.0028332385,-0.051190766,0,0,493500
59800,50000,4.341662e-07,4.9e-05,0.47942444,-0.52705443,-0.0014544917,-0.049084477,0,0,493500
59900,50000,4.3217854e-07,4.9e-05,0.48333019,-0.53006035,0.0023228607,-0.044407304,0,0,493500
60000,50000,4.3059455e-07,4.9e-05,0.4870873,-0.53300605,0.0079071535,-0.038011594,0,0,493500
60001,50000,4.3058146e-07,4.9e-05,0.48712337,-0.53303534,0.0079696312,-0.037942335,0,0,493500
60001,50000,4.3058146e-07,5e-05,0.96970312,-1.0660708,0.016325467,-0.080042181,0,0,0
60001,50000,4.3058146e-07,5e-05,1.4522829,-1.5991062,0.024681303,-0.12214203,0,0,0
60100,50000,4.2961247e-07,5e-05,0.49049995,-0.53590482,0.014226461,-0.031178414,0,0,493500
60200,50000,4.2934726e-07,5e-05,0.49336682,-0.53877741,0.020186665,-0.025223922,0,0,493500
60300,50000,4.3494522e-07,5e-05,0.49363911,-0.54135044,0.02451048,-0.023200851,0,1,493499
60400,50000,4.7505083e-07,5e-05,0.48523939,-0.54360715,0.027040058,-0.031327698,0,0,493499
60500,50000,5.2940474e-07,5e-05,0.48390232,-0.54582175,0.028486311,-0.033433117,0,0,493499
60600,50000,5.8478654e-07,5e-05,0.46403624,-0.54827028,0.028937426,-0.055296619,0,1,493498
60700,50000,6.7896858e-07,5e-05,0.41388733,-0.55090778,0.028762305,-0.10825815,0,2,493496
60800,50000,8.0817378e-07,5e-05,0.34268575,-0.55332817,0.027761036,-0.18288139,0,1,493495
60900,50000,8.9425305e-07,5e-05,0.26741946,-0.55495859,0.025958185,-0.26158094,0,0,493495
61000,50000,8.4450631e-07,5e-05,0.22299705,-0.55467258,0.024462094,-0.30721343,0,0,493495
61001,50000,8.4343244e-07,5e-05,0.22291714,-0.5546557,0.024449486,-0.30728907,0,0,493495
61001,50000,8.4343244e-07,5.1e-05,0.44275251,-1.1093093,0.049024356,-0.61753248,0,0,0
61001,50000,8.4343244e-07,5.1e-05,0.66258789,-1.663963,0.073599226,-0.92777588,0,0,0
61100,50000,7.4916156e-07,5.1e-05,0.22550779,-0.55118017,0.023777698,-0.30189468,0,0,493495
61200,50000,7.2413922e-07,5.1e-05,0.22613435,-0.54342811,0.02430203,-0.29299173,0,0,493495
61300,50000,7.1554102e-07,5.1e-05,0.22652839,-0.53113367,0.025364354,-0.27924093,0,0,493495
61400,50000,6.6533822e-07,5.1e-05,0.22651538,-0.51358794,0.027018979,-0.26005358,0,0,493495
61500,50000,6.4888232e-07,5.1e-05,0.22617019,-0.49138186,0.029189973,-0.23602169,0,0,493495
61600,50000,6.5943021e-07,5.1e-05,0.22555359,-0.46580991,0.031521505,-0.20873481,0,0,493495
61700,50000,6.6188205e-07,5.1e-05,0.22489207,-0.43700739,0.033293754,-0.17882157,0,0,493495
61800,50000,6.7204182e-07,5.1e-05,0.22450326,-0.40694508,0.034187678,-0.14825414,0,0,493495
61900,50000,6.7785861e-07,5.1e-05,0.22783492,-0.37760412,0.034086469,-0.11568273,0,0,493495
62000,50000,6.7281174e-07,5.1e-05,0.24120162,-0.35055876,0.033026518,-0.076330629,0,0,493495
62001,50000,6.7270159e-07,5.1e-05,0.24137386,-0.35030558,0.033009601,-0.075922119,0,0,493495
62001,50000,6.7270159e-07,5.2e-05,0.47940301,-0.70061137,0.066647997,-0.15456036,0,0,0
62001,50000,6.7270159e-07,5.2e-05,0.71743216,-1.0509172,0.10028639,-0.2331986,0,0,0
62100,50000,6.5955418e-07,5.2e-05,0.2589848,-0.3274105,0.030653961,-0.037771745,0,0,493495
62200,50000,6.4855544e-07,5.2e-05,0.27702429,-0.30923558,0.027032554,-0.005178734,0,0,493495
62300,50000,6.3286348e-07,5.2e-05,0.29141445,-0.29732622,0.022604245,0.016692476,0,0,493495
62400,50000,6.2481687e-07,5.2e-05,0.29908517,-0.28987854,0.018016872,0.027223503,0,0,493495
62500,50000,6.2018588e-07,5.2e-05,0.29869897,-0.28447048,0.013699202,0.027927686,0,0,493495
62600,50000,6.2223722e-07,5.2e-05,0.29074373,-0.2801007,0.009851513,0.020494547,0,0,493495
62700,50000,6.1897131e-07,5.2e-05,0.27789729,-0.27623307,0.0068720345,0.0085362533,0,0,493495
62800,50000,5.8680053e-07,5.2e-05,0.26603405,-0.27286556,0.0044378885,-0.002393621,0,0,493495
62900,50000,5.7181262e-07,5.2e-05,0.26024649,-0.27001281,0.0019913131,-0.00777501,0,0,493495
63000,50000,5.8552446e-07,5.2e-05,0.26053555,-0.2676995,-0.00067626388,-0.007840207,0,0,493495
63001,50000,5.8558358e-07,5.2e-05,0.2605604,-0.26768273,-0.00070550148,-0.0078278281,0,0,493495
63001,50000,5.8558358e-07,5.3e-05,0.51773186,-0.53536543,-0.0013021487,-0.018935719,0,0,0
63001,50000,5.8558358e-07,5.3e-05,0.77490331,-0.80304812,-0.001898796,-0.03004361,0,0,0
63100,50000,5.7308972e-07,5.3e-05,0.26418041,-0.26584347,-0.0037916541,-0.0054547112,0,0,493495
63200,50000,5.1965825e-07,5.3e-05,0.26909167,-0.26410583,-0.0073017692,-0.002315932,0,0,493495
63300,50000,4.4181261e-07,5.3e-05,0.27843121,-0.26214097,-0.011143294,0.0051469487,0,0,493495
63400,50000,4.4805694e-07,5.3e-05,0.29567791,-0.26029964,-0.013311452,0.022066815,0,0,493495
63500,50000,4.7829362e-07,5.3e-05,0.32023124,-0.25880439,-0.015221818,0.046205025,0,0,493495
63600,50000,4.6306249e-07,5.3e-05,0.34522065,-0.25755609,-0.017829826,0.069834734,0,0,493495
63700,50000,4.3504142e-07,5.3e-05,0.36461172,-0.25662308,-0.020743852,0.087244783,0,0,493495
63800,50000,4.2368483e-07,5.3e-05,0.37865562,-0.25586039,-0.022764468,0.10003076,0,0,493495
63900,50000,4.1918209e-07,5.3e-05,0.38583954,-0.25531654,-0.025103239,0.10541976,0,0,493495
64000,50000,4.121643e-07,5.3e-05,0.38353525,-0.25484904,-0.026737899,0.10194832,0,0,493495
64001,50000,4.1211923e-07,5.3e-05,0.38347363,-0.25484417,-0.026755435,0.10187403,0,0,493495
64001,50000,4.1211923e-07,5.4e-05,0.76318552,-0.50968842,-0.054092858,0.19940424,0,0,0
64001,50000,4.1211923e-07,5.4e-05,1.1428974,-0.76453267,-0.081430281,0.29693446,0,0,0
64100,50000,4.1224334e-07,5.4e-05,0.37242328,-0.25429231,-0.029005679,0.089125285,0,0,493495
64200,50000,4.2177131e-07,5.4e-05,0.35647017,-0.25365575,-0.031628447,0.071185971,0,0,493495
64300,50000,4.2979215e-07,5.4e-05,0.34111147,-0.2530465,-0.032861922,0.055203056,0,0,493495
64400,50000,4.1206967e-07,5.4e-05,0.33207384,-0.25257818,-0.033033361,0.046462295,0,0,493495
64500,50000,3.9407547e-07,5.4e-05,0.31729058,-0.25252779,-0.018508387,0.046254399,0,2,493493
64600,50000,4.6356339e-07,5.4e-05,0.27957812,-0.25344271,0.010148257,0.036283666,0,0,493493
64700,50000,5.2784083e-07,5.4e-05,0.24602856,-0.25519642,0.023422338,0.014254475,0,0,493493
64800,50000,5.3227727e-07,5.4e-05,0.2189763,-0.25781057,0.022172374,-0.016661901,0,0,493493
64900,50000,5.4699684e-07,5.4e-05,0.1875699,-0.26119033,0.021612581,-0.052007846,0,0,493493
65000,50000,5.3287205e-07,5.4e-05,0.16271506,-0.26481239,0.021488677,-0.080608658,0,0,493493
65001,50000,5.3236706e-07,5.4e-05,0.16254839,-0.26484784,0.021484774,-0.080814673,0,0,493493
65001,50000,5.3236706e-07,5.5e-05,0.32182445,-0.52969543,0.042968017,-0.16490296,0,0,0
65001,50000,5.3236706e-07,5.5e-05,0.48110051,-0.79454302,0.06445126,-0.24899125,0,0,0
65100,50000,4.5726096e-07,5.5e-05,0.15378442,-0.2681405,0.021460956,-0.092895122,0,1,493492
65200,50000,4.1511632e-07,5.5e-05,0.16099754,-0.27063746,0.02076809,-0.088871824,0,1,493491
65300,50000,4.425212e-07,5.5e-05,0.18556993,-0.27168164,0.018667608,-0.067444101,0,0,493491
65400,50000,4.5075012e-07,5.5e-05,0.22079957,-0.27100317,0.02023781,-0.029965792,0,0,493491
65500,50000,4.258973e-07,5.5e-05,0.25116468,-0.26836219,0.024821657,0.007624144,0,1,493490
65600,50000,4.3035918e-07,5.5e-05,0.25749996,-0.26386779,0.030722813,0.02435498,0,0,493490
65700,50000,4.5973673e-07,5.5e-05,0.23832586,-0.25825593,0.033241375,0.013311305,0,0,493490
65800,50000,4.8355584e-07,5.5e-05,0.20394947,-0.25191282,0.032071,-0.015892355,0,0,493490
65900,50000,4.723229e-07,5.5e-05,0.17051831,-0.24560905,0.029213074,-0.045877664,0,0,493490
66000,50000,4.5784514e-07,5.5e-05,0.14778292,-0.24062908,0.027429555,-0.065416599,0,0,493490
66001,50000,4.5781298e-07,5.5e-05,0.14762594,-0.24058803,0.027401292,-0.065560803,0,0,493490
66001,50000,4.5781298e-07,5.6e-05,0.2920992,-0.48117688,0.054913404,-0.13416427,0,0,0
66001,50000,4.5781298e-07,5.6e-05,0.43657246,-0.72176572,0.082425516,-0.20276774,0,0,0
66100,50000,4.6238682e-07,5.6e-05,0.13526248,-0.23727738,0.023490807,-0.078524097,0,0,493490
66200,50000,4.6890355e-07,5.6e-05,0.1288206,-0.23475836,0.018157101,-0.08778066,0,0,493490
66300,50000,4.7215748e-07,5.6e-05,0.12680753,-0.23264825,0.016027571,-0.089813155,0,0,493490
66400,50000,4.7476909e-07,5.6e-05,0.1277888,-0.23061754,0.018789794,-0.08403894,0,0,493490
66500,50000,4.7126405e-07,5.6e-05,0.13018131,-0.22750686,0.026625844,-0.070699703,0,0,493490
66600,50000,4.6215784e-07,5.6e-05,0.13339891,-0.22205994,0.030959857,-0.057701168,0,0,493490
66700,50000,4.4586892e-07,5.6e-05,0.13701415,-0.21440144,0.030016104,-0.047371181,0,0,493490
66800,50000,4.366419e-07,5.6e-05,0.14033334,-0.20540679,0.028122918,-0.036950526,0,0,493490
66900,50000,4.3884426e-07,5.6e-05,0.14334181,-0.19585086,0.025640195,-0.026868853,0,0,493490
67000,50000,4.4084019e-07,5.6e-05,0.14603907,-0.18718598,0.022960836,-0.01818607,0,0,493490
67001,50000,4.4082567e-07,5.6e-05,0.14606518,-0.18710717,0.022929848,-0.018112143,0,0,493490
67001,50000,4.4082567e-07,5.7e-05,0.28979983,-0.37421534,0.044800866,-0.039614643,0,0,0
67001,50000,4.4082567e-07,5.7e-05,0.43353448,-0.5613235,0.066671884,-0.061117144,0,0,0
67100,50000,4.3550284e-07,5.7e-05,0.15284572,-0.17998573,0.019905084,-0.0072349245,0,0,493490
67200,50000,4.2673844e-07,5.7e-05,0.16165833,-0.175133,0.017235089,0.0037604197,0,0,493490
67300,50000,4.1986387e-07,5.7e-05,0.17014933,-0.17238579,0.015334716,0.013098259,0,0,493490
67400,50000,4.1675482e-07,5.7e-05,0.17639222,-0.17146941,0.013040893,0.017963704,0,0,493490
67500,50000,4.1639352e-07,5.7e-05,0.17921384,-0.17184608,0.011575732,0.018943485,0,0,493490
67600,50000,4.1613536e-07,5.7e-05,0.17882578,-0.17273327,0.010167308,0.016259815,0,0,493490
67700,50000,4.1448491e-07,5.7e-05,0.17607832,-0.17335303,0.0079486199,0.010673912,0,0,493490
67800,50000,4.0529241e-07,5.7e-05,0.17346669,-0.17317148,0.0038994216,0.0041946269,0,0,493490
67900,50000,3.9020141e-07,5.7e-05,0.1741415,-0.17195455,-0.0012356809,0.00095126896,0,0,493490
68000,50000,3.8176562e-07,5.7e-05,0.17887295,-0.16911685,-0.0062090902,0.0035470063,0,0,493490
68001,50000,3.8170489e-07,5.7e-05,0.17893476,-0.16907845,-0.0062493214,0.0036069871,0,0,493490
68001,50000,3.8170489e-07,5.8e-05,0.35462319,-0.33815574,-0.012789975,0.003677475,0,0,0
68001,50000,3.8170489e-07,5.8e-05,0.53031161,-0.50723302,-0.019330629,0.0037479628,0,0,0
68100,50000,3.7557455e-07,5.8e-05,0.18507744,-0.16443474,-0.0099275248,0.010715166,0,0,493490
68200,50000,3.6843347e-07,5.8e-05,0.18921515,-0.1589568,-0.012496377,0.017761975,0,0,493490
68300,50000,3.6114919e-07,5.8e-05,0.18928839,-0.15372308,-0.014666922,0.020898397,0,0,493490
68400,50000,3.5276206e-07,5.8e-05,0.18577149,-0.14871233,-0.016303226,0.020755932,0,0,493490
68500,50000,3.4138936e-07,5.8e-05,0.18149149,-0.14503865,-0.016568085,0.019884752,0,0,493490
68600,50000,3.3224517e-07,5.8e-05,0.17911648,-0.14335688,-0.015417411,0.020342189,0,0,493490
68700,50000,3.307136e-07,5.8e-05,0.18031359,-0.14362298,-0.013713193,0.02297742,0,0,493490
68800,50000,3.3042149e-07,5.8e-05,0.18451393,-0.14556653,-0.011795219,0.027152185,0,0,493490
68900,50000,3.2750206e-07,5.8e-05,0.18901022,-0.14888695,-0.010358852,0.029764424,0,0,493490
69000,50000,3.2436094e-07,5.8e-05,0.19127711,-0.15331994,-0.0082127523,0.029744417,0,0,493490
69001,50000,3.2433436e-07,5.8e-05,0.19128401,-0.15336892,-0.0081999473,0.029715145,0,0,493490
69001,50000,3.2433436e-07,5.9e-05,0.3791688,-0.30673759,-0.01759317,0.054838041,0,0,0
69001,50000,3.2433436e-07,5.9e-05,0.5670536,-0.46010627,-0.026986393,0.079960937,0,0,0
69100,50000,3.2253601e-07,5.9e-05,0.19061619,-0.15843873,-0.006533307,0.025644152,0,0,493490
69200,50000,3.217849e-07,5.9e-05,0.18903149,-0.16363589,-0.0042859371,0.021109669,0,0,493490
69300,50000,3.2019796e-07,5.9e-05,0.18942224,-0.16824524,-0.00072453059,0.020452471,0,0,493490
69400,50000,3.1882687e-07,5.9e-05,0.19337117,-0.17189023,0.0030076633,0.024488603,0,0,493490
69500,50000,3.1805459e-07,5.9e-05,0.1999311,-0.17416353,0.0062897014,0.032057271,0,0,493490
69600,50000,3.160316e-07,5.9e-05,0.20704042,-0.17516327,0.0091560857,0.041033229,0,0,493490
69700,50000,3.1242515e-07,5.9e-05,0.21306923,-0.1749674,0.011049208,0.049151035,0,0,493490
69800,50000,3.1005453e-07,5.9e-05,0.21700254,-0.17374283,0.01025246,0.053512166,0,0,493490
69900,50000,3.0990889e-07,5.9e-05,0.21867761,-0.17154009,0.0073943367,0.054531857,0,0,493490
70000,50000,3.1161054e-07,5.9e-05,0.21878197,-0.16857865,0.0046658312,0.054869145,0,0,493490
70001,50000,3.1163836e-07,5.9e-05,0.21877911,-0.1685472,0.0046355351,0.054867445,0,0,493490
70001,50000,3.1163836e-07,6e-05,0.43413673,-0.33709426,0.0091062861,0.10614876,0,0,0
70001,50000,3.1163836e-07,6e-05,0.64949435,-0.50564132,0.013577037,0.15743007,0,0,0
