seed,timestep,top_displacement_mm,pebble_id,centroid_z_mm,height_bin,total_broken_bonds,event_count,step_new_broken_bonds,net_fx_N,net_fy_N,net_fz_N,net_force_N,sum_abs_subparticle_fz_N,max_subparticle_abs_fz_N,selection,selection_rank
seed02,5000,0.009997500000000001,1,0.5051561125999996,1,0,0,0,0.0,0.0,0.0,0.0,0.0,0.0,top_force,1
seed02,5000,0.009997500000000001,2,0.5046421151999997,1,0,0,0,0.0,0.0,0.0,0.0,0.0,0.0,top_force,2
seed02,5000,0.009997500000000001,3,0.5036658770000001,1,0,0,0,0.0,0.0,0.0,0.0,0.0,0.0,top_force,3
seed02,5000,0.009997500000000001,4,0.5021453274000004,1,0,0,0,0.0,0.0,0.0,0.0,0.0,0.0,top_force,4
seed02,5000,0.009997500000000001,5,0.49423446600000015,1,0,0,0,0.0,0.0,0.0,0.0,0.0,0.0,top_force,5
seed02,5000,0.009997500000000001,6,0.4982515426000003,1,0,0,0,0.0,0.0,0.0,0.0,0.0,0.0,top_force,6
seed02,5000,0.009997500000000001,7,0.4950343081999996,1,0,0,0,0.0,0.0,0.0,0.0,0.0,0.0,top_force,7
seed02,5000,0.009997500000000001,8,0.4991176407999999,1,0,0,0,0.0,0.0,0.0,0.0,0.0,0.0,top_force,8
seed02,5000,0.009997500000000001,9,0.5058784512,1,0,0,0,0.0,0.0,0.0,0.0,0.0,0.0,top_force,9
seed02,5000,0.009997500000000001,10,0.49994414059999975,1,0,0,0,0.0,0.0,0.0,0.0,0.0,0.0,top_force,10
seed02,5000,0.009997500000000001,11,0.50055153,1,0,0,0,0.0,0.0,0.0,0.0,0.0,0.0,top_force,11
seed02,5000,0.009997500000000001,12,0.4939337323999998,1,0,0,0,0.0,0.0,0.0,0.0,0.0,0.0,top_force,12
seed02,5000,0.009997500000000001,13,0.4991996068000003,1,0,0,0,0.0,0.0,0.0,0.0,0.0,0.0,top_force,13
seed02,5000,0.009997500000000001,14,0.4943093755999997,1,0,0,0,0.0,0.0,0.0,0.0,0.0,0.0,top_force,14
seed02,5000,0.009997500000000001,15,0.5006195117999999,1,0,0,0,0.0,0.0,0.0,0.0,0.0,0.0,top_force,15
seed02,5000,0.009997500000000001,16,0.49473521080000044,1,0,0,0,0.0,0.0,0.0,0.0,0.0,0.0,top_force,16
seed02,5000,0.009997500000000001,17,0.4974619754,1,0,0,0,0.0,0.0,0.0,0.0,0.0,0.0,top_force,17
seed02,5000,0.009997500000000001,18,0.49509947040000013,1,0,0,0,0.0,0.0,0.0,0.0,0.0,0.0,top_force,18
seed02,5000,0.009997500000000001,19,0.5038427299999998,1,0,0,0,0.0,0.0,0.0,0.0,0.0,0.0,top_force,19
seed02,5000,0.009997500000000001,20,0.5028455119999997,1,0,0,0,0.0,0.0,0.0,0.0,0.0,0.0,top_force,20
seed02,5000,0.009997500000000001,500,4.5824508999999995,8,187,5,0,0.0,0.0,0.0,0.0,0.0,0.0,top_z,1
seed02,5000,0.009997500000000001,499,4.465238859999999,8,23,1,0,0.0,0.0,0.0,0.0,0.0,0.0,top_z,2
seed02,5000,0.009997500000000001,498,4.3870729799999975,8,0,0,0,0.0,0.0,0.0,0.0,0.0,0.0,top_z,3
seed02,5000,0.009997500000000001,497,4.341252299999997,8,0,0,0,0.0,0.0,0.0,0.0,0.0,0.0,top_z,4
seed02,5000,0.009997500000000001,496,4.255422240000001,8,0,0,0,0.0,0.0,0.0,0.0,0.0,0.0,top_z,5
seed02,5000,0.009997500000000001,495,4.233641840000001,8,0,0,0,0.0,0.0,0.0,0.0,0.0,0.0,top_z,6
seed02,5000,0.009997500000000001,494,4.225518460000005,8,0,0,0,0.0,0.0,0.0,0.0,0.0,0.0,top_z,7
seed02,5000,0.009997500000000001,493,4.1949881,8,0,0,0,0.0,0.0,0.0,0.0,0.0,0.0,top_z,8
seed02,5000,0.009997500000000001,492,4.154746339999997,8,0,0,0,0.0,0.0,0.0,0.0,0.0,0.0,top_z,9
seed02,5000,0.009997500000000001,491,4.054119860000002,7,0,0,0,0.0,0.0,0.0,0.0,0.0,0.0,top_z,10
seed02,5000,0.009997500000000001,489,4.02473812,7,0,0,0,0.0,0.0,0.0,0.0,0.0,0.0,top_z,11
seed02,5000,0.009997500000000001,490,4.024424439999998,7,0,0,0,0.0,0.0,0.0,0.0,0.0,0.0,top_z,12
seed02,5000,0.009997500000000001,488,3.9995456599999986,7,0,0,0,0.0,0.0,0.0,0.0,0.0,0.0,top_z,13
seed02,5000,0.009997500000000001,487,3.9741333400000016,7,0,0,0,0.0,0.0,0.0,0.0,0.0,0.0,top_z,14
seed02,5000,0.009997500000000001,486,3.93153608,7,0,0,0,0.0,0.0,0.0,0.0,0.0,0.0,top_z,15
seed02,5000,0.009997500000000001,485,3.930858899999998,7,13,2,0,0.0,0.0,0.0,0.0,0.0,0.0,top_z,16
seed02,5000,0.009997500000000001,484,3.930715439999998,7,0,0,0,0.0,0.0,0.0,0.0,0.0,0.0,top_z,17
seed02,5000,0.009997500000000001,482,3.9257776000000013,7,0,0,0,0.0,0.0,0.0,0.0,0.0,0.0,top_z,18
seed02,5000,0.009997500000000001,480,3.9219824599999993,7,0,0,0,0.0,0.0,0.0,0.0,0.0,0.0,top_z,19
seed02,5000,0.009997500000000001,483,3.9211442399999994,7,0,0,0,0.0,0.0,0.0,0.0,0.0,0.0,top_z,20
seed02,10000,0.0224975,1,0.5051561125999996,1,0,0,0,0.0,0.0,0.0,0.0,0.0,0.0,top_force,1
seed02,10000,0.0224975,2,0.5046421151999997,1,0,0,0,0.0,0.0,0.0,0.0,0.0,0.0,top_force,2
seed02,10000,0.0224975,3,0.5036658770000001,1,0,0,0,0.0,0.0,0.0,0.0,0.0,0.0,top_force,3
seed02,10000,0.0224975,4,0.5021453274000004,1,0,0,0,0.0,0.0,0.0,0.0,0.0,0.0,top_force,4
seed02,10000,0.0224975,5,0.49423446600000015,1,0,0,0,0.0,0.0,0.0,0.0,0.0,0.0,top_force,5
seed02,10000,0.0224975,6,0.4982515426000003,1,0,0,0,0.0,0.0,0.0,0.0,0.0,0.0,top_force,6
seed02,10000,0.0224975,7,0.4950343081999996,1,0,0,0,0.0,0.0,0.0,0.0,0.0,0.0,top_force,7
seed02,10000,0.0224975,8,0.4991176407999999,1,0,0,0,0.0,0.0,0.0,0.0,0.0,0.0,top_force,8
seed02,10000,0.0224975,9,0.5058784512,1,0,0,0,0.0,0.0,0.0,0.0,0.0,0.0,top_force,9
seed02,10000,0.0224975,10,0.49994414059999975,1,0,0,0,0.0,0.0,0.0,0.0,0.0,0.0,top_force,10
seed02,10000,0.0224975,11,0.50055153,1,0,0,0,0.0,0.0,0.0,0.0,0.0,0.0,top_force,11
seed02,10000,0.0224975,12,0.4939337323999998,1,0,0,0,0.0,0.0,0.0,0.0,0.0,0.0,top_force,12
seed02,10000,0.0224975,13,0.4991996068000003,1,0,0,0,0.0,0.0,0.0,0.0,0.0,0.0,top_force,13
seed02,10000,0.0224975,14,0.4943093755999997,1,0,0,0,0.0,0.0,0.0,0.0,0.0,0.0,top_force,14
seed02,10000,0.0224975,15,0.5006195117999999,1,0,0,0,0.0,0.0,0.0,0.0,0.0,0.0,top_force,15
seed02,10000,0.0224975,16,0.49473521080000044,1,0,0,0,0.0,0.0,0.0,0.0,0.0,0.0,top_force,16
seed02,10000,0.0224975,17,0.4974619754,1,0,0,0,0.0,0.0,0.0,0.0,0.0,0.0,top_force,17
seed02,10000,0.0224975,18,0.49509947040000013,1,0,0,0,0.0,0.0,0.0,0.0,0.0,0.0,top_force,18
seed02,10000,0.0224975,19,0.5038427299999998,1,0,0,0,0.0,0.0,0.0,0.0,0.0,0.0,top_force,19
seed02,10000,0.0224975,20,0.5028455119999997,1,0,0,0,0.0,0.0,0.0,0.0,0.0,0.0,top_force,20
seed02,10000,0.0224975,500,4.5824508999999995,8,187,5,0,0.0,0.0,0.0,0.0,0.0,0.0,top_z,1
seed02,10000,0.0224975,499,4.465238859999999,8,23,1,0,0.0,0.0,0.0,0.0,0.0,0.0,top_z,2
seed02,10000,0.0224975,498,4.3870729799999975,8,0,0,0,0.0,0.0,0.0,0.0,0.0,0.0,top_z,3
seed02,10000,0.0224975,497,4.341252299999997,8,0,0,0,0.0,0.0,0.0,0.0,0.0,0.0,top_z,4
seed02,10000,0.0224975,496,4.255422240000001,8,0,0,0,0.0,0.0,0.0,0.0,0.0,0.0,top_z,5
seed02,10000,0.0224975,495,4.233641840000001,8,0,0,0,0.0,0.0,0.0,0.0,0.0,0.0,top_z,6
seed02,10000,0.0224975,494,4.225518460000005,8,0,0,0,0.0,0.0,0.0,0.0,0.0,0.0,top_z,7
seed02,10000,0.0224975,493,4.1949881,8,0,0,0,0.0,0.0,0.0,0.0,0.0,0.0,top_z,8
seed02,10000,0.0224975,492,4.154746339999997,8,0,0,0,0.0,0.0,0.0,0.0,0.0,0.0,top_z,9
seed02,10000,0.0224975,491,4.054119860000002,7,0,0,0,0.0,0.0,0.0,0.0,0.0,0.0,top_z,10
seed02,10000,0.0224975,489,4.02473812,7,0,0,0,0.0,0.0,0.0,0.0,0.0,0.0,top_z,11
seed02,10000,0.0224975,490,4.024424439999998,7,0,0,0,0.0,0.0,0.0,0.0,0.0,0.0,top_z,12
seed02,10000,0.0224975,488,3.9995456599999986,7,0,0,0,0.0,0.0,0.0,0.0,0.0,0.0,top_z,13
seed02,10000,0.0224975,487,3.9741333400000016,7,0,0,0,0.0,0.0,0.0,0.0,0.0,0.0,top_z,14
seed02,10000,0.0224975,486,3.93153608,7,0,0,0,0.0,0.0,0.0,0.0,0.0,0.0,top_z,15
seed02,10000,0.0224975,485,3.930858899999998,7,13,2,0,0.0,0.0,0.0,0.0,0.0,0.0,top_z,16
seed02,10000,0.0224975,484,3.930715439999998,7,0,0,0,0.0,0.0,0.0,0.0,0.0,0.0,top_z,17
seed02,10000,0.0224975,482,3.9257776000000013,7,0,0,0,0.0,0.0,0.0,0.0,0.0,0.0,top_z,18
seed02,10000,0.0224975,480,3.9219824599999993,7,0,0,0,0.0,0.0,0.0,0.0,0.0,0.0,top_z,19
seed02,10000,0.0224975,483,3.9211442399999994,7,0,0,0,0.0,0.0,0.0,0.0,0.0,0.0,top_z,20
seed02,15000,0.0349975,1,0.5051561125999996,1,0,0,0,0.0,0.0,0.0,0.0,0.0,0.0,top_force,1
seed02,15000,0.0349975,2,0.5046421151999997,1,0,0,0,0.0,0.0,0.0,0.0,0.0,0.0,top_force,2
seed02,15000,0.0349975,3,0.5036658770000001,1,0,0,0,0.0,0.0,0.0,0.0,0.0,0.0,top_force,3
seed02,15000,0.0349975,4,0.5021453274000004,1,0,0,0,0.0,0.0,0.0,0.0,0.0,0.0,top_force,4
seed02,15000,0.0349975,5,0.49423446600000015,1,0,0,0,0.0,0.0,0.0,0.0,0.0,0.0,top_force,5
seed02,15000,0.0349975,6,0.4982515426000003,1,0,0,0,0.0,0.0,0.0,0.0,0.0,0.0,top_force,6
seed02,15000,0.0349975,7,0.4950343081999996,1,0,0,0,0.0,0.0,0.0,0.0,0.0,0.0,top_force,7
seed02,15000,0.0349975,8,0.4991176407999999,1,0,0,0,0.0,0.0,0.0,0.0,0.0,0.0,top_force,8
seed02,15000,0.0349975,9,0.5058784512,1,0,0,0,0.0,0.0,0.0,0.0,0.0,0.0,top_force,9
seed02,15000,0.0349975,10,0.49994414059999975,1,0,0,0,0.0,0.0,0.0,0.0,0.0,0.0,top_force,10
seed02,15000,0.0349975,11,0.50055153,1,0,0,0,0.0,0.0,0.0,0.0,0.0,0.0,top_force,11
seed02,15000,0.0349975,12,0.4939337323999998,1,0,0,0,0.0,0.0,0.0,0.0,0.0,0.0,top_force,12
seed02,15000,0.0349975,13,0.4991996068000003,1,0,0,0,0.0,0.0,0.0,0.0,0.0,0.0,top_force,13
seed02,15000,0.0349975,14,0.4943093755999997,1,0,0,0,0.0,0.0,0.0,0.0,0.0,0.0,top_force,14
seed02,15000,0.0349975,15,0.5006195117999999,1,0,0,0,0.0,0.0,0.0,0.0,0.0,0.0,top_force,15
seed02,15000,0.0349975,16,0.49473521080000044,1,0,0,0,0.0,0.0,0.0,0.0,0.0,0.0,top_force,16
seed02,15000,0.0349975,17,0.4974619754,1,0,0,0,0.0,0.0,0.0,0.0,0.0,0.0,top_force,17
seed02,15000,0.0349975,18,0.49509947040000013,1,0,0,0,0.0,0.0,0.0,0.0,0.0,0.0,top_force,18
seed02,15000,0.0349975,19,0.5038427299999998,1,0,0,0,0.0,0.0,0.0,0.0,0.0,0.0,top_force,19
seed02,15000,0.0349975,20,0.5028455119999997,1,0,0,0,0.0,0.0,0.0,0.0,0.0,0.0,top_force,20
seed02,15000,0.0349975,500,4.5824508999999995,8,187,5,0,0.0,0.0,0.0,0.0,0.0,0.0,top_z,1
seed02,15000,0.0349975,499,4.465238859999999,8,23,1,0,0.0,0.0,0.0,0.0,0.0,0.0,top_z,2
seed02,15000,0.0349975,498,4.3870729799999975,8,0,0,0,0.0,0.0,0.0,0.0,0.0,0.0,top_z,3
seed02,15000,0.0349975,497,4.341252299999997,8,0,0,0,0.0,0.0,0.0,0.0,0.0,0.0,top_z,4
seed02,15000,0.0349975,496,4.255422240000001,8,0,0,0,0.0,0.0,0.0,0.0,0.0,0.0,top_z,5
seed02,15000,0.0349975,495,4.233641840000001,8,0,0,0,0.0,0.0,0.0,0.0,0.0,0.0,top_z,6
seed02,15000,0.0349975,494,4.225518460000005,8,0,0,0,0.0,0.0,0.0,0.0,0.0,0.0,top_z,7
seed02,15000,0.0349975,493,4.1949881,8,0,0,0,0.0,0.0,0.0,0.0,0.0,0.0,top_z,8
seed02,15000,0.0349975,492,4.154746339999997,8,0,0,0,0.0,0.0,0.0,0.0,0.0,0.0,top_z,9
seed02,15000,0.0349975,491,4.054119860000002,7,0,0,0,0.0,0.0,0.0,0.0,0.0,0.0,top_z,10
seed02,15000,0.0349975,489,4.02473812,7,0,0,0,0.0,0.0,0.0,0.0,0.0,0.0,top_z,11
seed02,15000,0.0349975,490,4.024424439999998,7,0,0,0,0.0,0.0,0.0,0.0,0.0,0.0,top_z,12
seed02,15000,0.0349975,488,3.9995456599999986,7,0,0,0,0.0,0.0,0.0,0.0,0.0,0.0,top_z,13
seed02,15000,0.0349975,487,3.9741333400000016,7,0,0,0,0.0,0.0,0.0,0.0,0.0,0.0,top_z,14
seed02,15000,0.0349975,486,3.93153608,7,0,0,0,0.0,0.0,0.0,0.0,0.0,0.0,top_z,15
seed02,15000,0.0349975,485,3.930858899999998,7,13,2,0,0.0,0.0,0.0,0.0,0.0,0.0,top_z,16
seed02,15000,0.0349975,484,3.930715439999998,7,0,0,0,0.0,0.0,0.0,0.0,0.0,0.0,top_z,17
seed02,15000,0.0349975,482,3.9257776000000013,7,0,0,0,0.0,0.0,0.0,0.0,0.0,0.0,top_z,18
seed02,15000,0.0349975,480,3.9219824599999993,7,0,0,0,0.0,0.0,0.0,0.0,0.0,0.0,top_z,19
seed02,15000,0.0349975,483,3.9211442399999994,7,0,0,0,0.0,0.0,0.0,0.0,0.0,0.0,top_z,20
seed02,20000,0.047497500000000005,1,0.5051561125999996,1,0,0,0,0.0,0.0,0.0,0.0,0.0,0.0,top_force,1
seed02,20000,0.047497500000000005,2,0.5046421151999997,1,0,0,0,0.0,0.0,0.0,0.0,0.0,0.0,top_force,2
seed02,20000,0.047497500000000005,3,0.5036658770000001,1,0,0,0,0.0,0.0,0.0,0.0,0.0,0.0,top_force,3
seed02,20000,0.047497500000000005,4,0.5021453274000004,1,0,0,0,0.0,0.0,0.0,0.0,0.0,0.0,top_force,4
seed02,20000,0.047497500000000005,5,0.49423446600000015,1,0,0,0,0.0,0.0,0.0,0.0,0.0,0.0,top_force,5
seed02,20000,0.047497500000000005,6,0.4982515426000003,1,0,0,0,0.0,0.0,0.0,0.0,0.0,0.0,top_force,6
seed02,20000,0.047497500000000005,7,0.4950343081999996,1,0,0,0,0.0,0.0,0.0,0.0,0.0,0.0,top_force,7
seed02,20000,0.047497500000000005,8,0.4991176407999999,1,0,0,0,0.0,0.0,0.0,0.0,0.0,0.0,top_force,8
seed02,20000,0.047497500000000005,9,0.5058784512,1,0,0,0,0.0,0.0,0.0,0.0,0.0,0.0,top_force,9
seed02,20000,0.047497500000000005,10,0.49994414059999975,1,0,0,0,0.0,0.0,0.0,0.0,0.0,0.0,top_force,10
seed02,20000,0.047497500000000005,11,0.50055153,1,0,0,0,0.0,0.0,0.0,0.0,0.0,0.0,top_force,11
seed02,20000,0.047497500000000005,12,0.4939337323999998,1,0,0,0,0.0,0.0,0.0,0.0,0.0,0.0,top_force,12
seed02,20000,0.047497500000000005,13,0.4991996068000003,1,0,0,0,0.0,0.0,0.0,0.0,0.0,0.0,top_force,13
seed02,20000,0.047497500000000005,14,0.4943093755999997,1,0,0,0,0.0,0.0,0.0,0.0,0.0,0.0,top_force,14
seed02,20000,0.047497500000000005,15,0.5006195117999999,1,0,0,0,0.0,0.0,0.0,0.0,0.0,0.0,top_force,15
seed02,20000,0.047497500000000005,16,0.49473521080000044,1,0,0,0,0.0,0.0,0.0,0.0,0.0,0.0,top_force,16
seed02,20000,0.047497500000000005,17,0.4974619754,1,0,0,0,0.0,0.0,0.0,0.0,0.0,0.0,top_force,17
seed02,20000,0.047497500000000005,18,0.49509947040000013,1,0,0,0,0.0,0.0,0.0,0.0,0.0,0.0,top_force,18
seed02,20000,0.047497500000000005,19,0.5038427299999998,1,0,0,0,0.0,0.0,0.0,0.0,0.0,0.0,top_force,19
seed02,20000,0.047497500000000005,20,0.5028455119999997,1,0,0,0,0.0,0.0,0.0,0.0,0.0,0.0,top_force,20
seed02,20000,0.047497500000000005,500,4.5824508999999995,8,187,5,0,0.0,0.0,0.0,0.0,0.0,0.0,top_z,1
seed02,20000,0.047497500000000005,499,4.465238859999999,8,23,1,0,0.0,0.0,0.0,0.0,0.0,0.0,top_z,2
seed02,20000,0.047497500000000005,498,4.3870729799999975,8,0,0,0,0.0,0.0,0.0,0.0,0.0,0.0,top_z,3
seed02,20000,0.047497500000000005,497,4.341252299999997,8,0,0,0,0.0,0.0,0.0,0.0,0.0,0.0,top_z,4
seed02,20000,0.047497500000000005,496,4.255422240000001,8,0,0,0,0.0,0.0,0.0,0.0,0.0,0.0,top_z,5
seed02,20000,0.047497500000000005,495,4.233641840000001,8,0,0,0,0.0,0.0,0.0,0.0,0.0,0.0,top_z,6
seed02,20000,0.047497500000000005,494,4.225518460000005,8,0,0,0,0.0,0.0,0.0,0.0,0.0,0.0,top_z,7
seed02,20000,0.047497500000000005,493,4.1949881,8,0,0,0,0.0,0.0,0.0,0.0,0.0,0.0,top_z,8
seed02,20000,0.047497500000000005,492,4.154746339999997,8,0,0,0,0.0,0.0,0.0,0.0,0.0,0.0,top_z,9
seed02,20000,0.047497500000000005,491,4.054119860000002,7,0,0,0,0.0,0.0,0.0,0.0,0.0,0.0,top_z,10
seed02,20000,0.047497500000000005,489,4.02473812,7,0,0,0,0.0,0.0,0.0,0.0,0.0,0.0,top_z,11
seed02,20000,0.047497500000000005,490,4.024424439999998,7,0,0,0,0.0,0.0,0.0,0.0,0.0,0.0,top_z,12
seed02,20000,0.047497500000000005,488,3.9995456599999986,7,0,0,0,0.0,0.0,0.0,0.0,0.0,0.0,top_z,13
seed02,20000,0.047497500000000005,487,3.9741333400000016,7,0,0,0,0.0,0.0,0.0,0.0,0.0,0.0,top_z,14
seed02,20000,0.047497500000000005,486,3.93153608,7,0,0,0,0.0,0.0,0.0,0.0,0.0,0.0,top_z,15
seed02,20000,0.047497500000000005,485,3.930858899999998,7,13,2,0,0.0,0.0,0.0,0.0,0.0,0.0,top_z,16
seed02,20000,0.047497500000000005,484,3.930715439999998,7,0,0,0,0.0,0.0,0.0,0.0,0.0,0.0,top_z,17
seed02,20000,0.047497500000000005,482,3.9257776000000013,7,0,0,0,0.0,0.0,0.0,0.0,0.0,0.0,top_z,18
seed02,20000,0.047497500000000005,480,3.9219824599999993,7,0,0,0,0.0,0.0,0.0,0.0,0.0,0.0,top_z,19
seed02,20000,0.047497500000000005,483,3.9211442399999994,7,0,0,0,0.0,0.0,0.0,0.0,0.0,0.0,top_z,20
seed02,25000,0.0599975,500,4.581997039999999,8,187,5,0,0.0010497360001999996,-0.0008263425712999971,-0.004855549773000001,0.005035985634743108,0.071726037337,0.0035693,top_force,1
seed02,25000,0.0599975,1,0.5051561125999996,1,0,0,0,0.0,0.0,0.0,0.0,0.0,0.0,top_force,2
seed02,25000,0.0599975,2,0.5046421151999997,1,0,0,0,0.0,0.0,0.0,0.0,0.0,0.0,top_force,3
seed02,25000,0.0599975,3,0.5036658770000001,1,0,0,0,0.0,0.0,0.0,0.0,0.0,0.0,top_force,4
seed02,25000,0.0599975,4,0.5021453274000004,1,0,0,0,0.0,0.0,0.0,0.0,0.0,0.0,top_force,5
seed02,25000,0.0599975,5,0.49423446600000015,1,0,0,0,0.0,0.0,0.0,0.0,0.0,0.0,top_force,6
seed02,25000,0.0599975,6,0.4982515426000003,1,0,0,0,0.0,0.0,0.0,0.0,0.0,0.0,top_force,7
seed02,25000,0.0599975,7,0.4950343081999996,1,0,0,0,0.0,0.0,0.0,0.0,0.0,0.0,top_force,8
seed02,25000,0.0599975,8,0.4991176407999999,1,0,0,0,0.0,0.0,0.0,0.0,0.0,0.0,top_force,9
seed02,25000,0.0599975,9,0.5058784512,1,0,0,0,0.0,0.0,0.0,0.0,0.0,0.0,top_force,10
seed02,25000,0.0599975,10,0.49994414059999975,1,0,0,0,0.0,0.0,0.0,0.0,0.0,0.0,top_force,11
seed02,25000,0.0599975,11,0.50055153,1,0,0,0,0.0,0.0,0.0,0.0,0.0,0.0,top_force,12
seed02,25000,0.0599975,12,0.4939337323999998,1,0,0,0,0.0,0.0,0.0,0.0,0.0,0.0,top_force,13
seed02,25000,0.0599975,13,0.4991996068000003,1,0,0,0,0.0,0.0,0.0,0.0,0.0,0.0,top_force,14
seed02,25000,0.0599975,14,0.4943093755999997,1,0,0,0,0.0,0.0,0.0,0.0,0.0,0.0,top_force,15
seed02,25000,0.0599975,15,0.5006195117999999,1,0,0,0,0.0,0.0,0.0,0.0,0.0,0.0,top_force,16
seed02,25000,0.0599975,16,0.49473521080000044,1,0,0,0,0.0,0.0,0.0,0.0,0.0,0.0,top_force,17
seed02,25000,0.0599975,17,0.4974619754,1,0,0,0,0.0,0.0,0.0,0.0,0.0,0.0,top_force,18
seed02,25000,0.0599975,18,0.49509947040000013,1,0,0,0,0.0,0.0,0.0,0.0,0.0,0.0,top_force,19
seed02,25000,0.0599975,19,0.5038427299999998,1,0,0,0,0.0,0.0,0.0,0.0,0.0,0.0,top_force,20
seed02,25000,0.0599975,500,4.581997039999999,8,187,5,0,0.0010497360001999996,-0.0008263425712999971,-0.004855549773000001,0.005035985634743108,0.071726037337,0.0035693,top_z,1
seed02,25000,0.0599975,499,4.465238859999999,8,23,1,0,0.0,0.0,0.0,0.0,0.0,0.0,top_z,2
seed02,25000,0.0599975,498,4.3870729799999975,8,0,0,0,0.0,0.0,0.0,0.0,0.0,0.0,top_z,3
seed02,25000,0.0599975,497,4.341252299999997,8,0,0,0,0.0,0.0,0.0,0.0,0.0,0.0,top_z,4
seed02,25000,0.0599975,496,4.255422240000001,8,0,0,0,0.0,0.0,0.0,0.0,0.0,0.0,top_z,5
seed02,25000,0.0599975,495,4.233641840000001,8,0,0,0,0.0,0.0,0.0,0.0,0.0,0.0,top_z,6
seed02,25000,0.0599975,494,4.225518460000005,8,0,0,0,0.0,0.0,0.0,0.0,0.0,0.0,top_z,7
seed02,25000,0.0599975,493,4.1949881,8,0,0,0,0.0,0.0,0.0,0.0,0.0,0.0,top_z,8
seed02,25000,0.0599975,492,4.154746339999997,8,0,0,0,0.0,0.0,0.0,0.0,0.0,0.0,top_z,9
seed02,25000,0.0599975,491,4.054119860000002,7,0,0,0,0.0,0.0,0.0,0.0,0.0,0.0,top_z,10
seed02,25000,0.0599975,489,4.02473812,7,0,0,0,0.0,0.0,0.0,0.0,0.0,0.0,top_z,11
seed02,25000,0.0599975,490,4.024424439999998,7,0,0,0,0.0,0.0,0.0,0.0,0.0,0.0,top_z,12
seed02,25000,0.0599975,488,3.9995456599999986,7,0,0,0,0.0,0.0,0.0,0.0,0.0,0.0,top_z,13
seed02,25000,0.0599975,487,3.9741333400000016,7,0,0,0,0.0,0.0,0.0,0.0,0.0,0.0,top_z,14
seed02,25000,0.0599975,486,3.93153608,7,0,0,0,0.0,0.0,0.0,0.0,0.0,0.0,top_z,15
seed02,25000,0.0599975,485,3.930858899999998,7,13,2,0,0.0,0.0,0.0,0.0,0.0,0.0,top_z,16
seed02,25000,0.0599975,484,3.930715439999998,7,0,0,0,0.0,0.0,0.0,0.0,0.0,0.0,top_z,17
seed02,25000,0.0599975,482,3.9257776000000013,7,0,0,0,0.0,0.0,0.0,0.0,0.0,0.0,top_z,18
seed02,25000,0.0599975,480,3.9219824599999993,7,0,0,0,0.0,0.0,0.0,0.0,0.0,0.0,top_z,19
seed02,25000,0.0599975,483,3.9211442399999994,7,0,0,0,0.0,0.0,0.0,0.0,0.0,0.0,top_z,20
seed02,30000,0.0724975,500,4.578620180000005,8,187,5,42,-0.0002125944357299999,-0.00022262021511,-0.0009518008429000001,0.0010003404414618707,0.0033424570969,0.000215922,top_force,1
seed02,30000,0.0724975,1,0.5051561125999996,1,0,0,42,0.0,0.0,0.0,0.0,0.0,0.0,top_force,2
seed02,30000,0.0724975,2,0.5046421151999997,1,0,0,42,0.0,0.0,0.0,0.0,0.0,0.0,top_force,3
seed02,30000,0.0724975,3,0.5036658770000001,1,0,0,42,0.0,0.0,0.0,0.0,0.0,0.0,top_force,4
seed02,30000,0.0724975,4,0.5021453274000004,1,0,0,42,0.0,0.0,0.0,0.0,0.0,0.0,top_force,5
seed02,30000,0.0724975,5,0.49423446600000015,1,0,0,42,0.0,0.0,0.0,0.0,0.0,0.0,top_force,6
seed02,30000,0.0724975,6,0.4982515426000003,1,0,0,42,0.0,0.0,0.0,0.0,0.0,0.0,top_force,7
seed02,30000,0.0724975,7,0.4950343081999996,1,0,0,42,0.0,0.0,0.0,0.0,0.0,0.0,top_force,8
seed02,30000,0.0724975,8,0.4991176407999999,1,0,0,42,0.0,0.0,0.0,0.0,0.0,0.0,top_force,9
seed02,30000,0.0724975,9,0.5058784512,1,0,0,42,0.0,0.0,0.0,0.0,0.0,0.0,top_force,10
seed02,30000,0.0724975,10,0.49994414059999975,1,0,0,42,0.0,0.0,0.0,0.0,0.0,0.0,top_force,11
seed02,30000,0.0724975,11,0.50055153,1,0,0,42,0.0,0.0,0.0,0.0,0.0,0.0,top_force,12
seed02,30000,0.0724975,12,0.4939337323999998,1,0,0,42,0.0,0.0,0.0,0.0,0.0,0.0,top_force,13
seed02,30000,0.0724975,13,0.4991996068000003,1,0,0,42,0.0,0.0,0.0,0.0,0.0,0.0,top_force,14
seed02,30000,0.0724975,14,0.4943093755999997,1,0,0,42,0.0,0.0,0.0,0.0,0.0,0.0,top_force,15
seed02,30000,0.0724975,15,0.5006195117999999,1,0,0,42,0.0,0.0,0.0,0.0,0.0,0.0,top_force,16
seed02,30000,0.0724975,16,0.49473521080000044,1,0,0,42,0.0,0.0,0.0,0.0,0.0,0.0,top_force,17
seed02,30000,0.0724975,17,0.4974619754,1,0,0,42,0.0,0.0,0.0,0.0,0.0,0.0,top_force,18
seed02,30000,0.0724975,18,0.49509947040000013,1,0,0,42,0.0,0.0,0.0,0.0,0.0,0.0,top_force,19
seed02,30000,0.0724975,19,0.5038427299999998,1,0,0,42,0.0,0.0,0.0,0.0,0.0,0.0,top_force,20
seed02,30000,0.0724975,500,4.578620180000005,8,187,5,42,-0.0002125944357299999,-0.00022262021511,-0.0009518008429000001,0.0010003404414618707,0.0033424570969,0.000215922,top_z,1
seed02,30000,0.0724975,499,4.465238859999999,8,23,1,42,0.0,0.0,0.0,0.0,0.0,0.0,top_z,2
seed02,30000,0.0724975,498,4.3870729799999975,8,0,0,42,0.0,0.0,0.0,0.0,0.0,0.0,top_z,3
seed02,30000,0.0724975,497,4.341252299999997,8,0,0,42,0.0,0.0,0.0,0.0,0.0,0.0,top_z,4
seed02,30000,0.0724975,496,4.255422240000001,8,0,0,42,0.0,0.0,0.0,0.0,0.0,0.0,top_z,5
seed02,30000,0.0724975,495,4.233641840000001,8,0,0,42,0.0,0.0,0.0,0.0,0.0,0.0,top_z,6
seed02,30000,0.0724975,494,4.225518460000005,8,0,0,42,0.0,0.0,0.0,0.0,0.0,0.0,top_z,7
seed02,30000,0.0724975,493,4.1949881,8,0,0,42,0.0,0.0,0.0,0.0,0.0,0.0,top_z,8
seed02,30000,0.0724975,492,4.154746339999997,8,0,0,42,0.0,0.0,0.0,0.0,0.0,0.0,top_z,9
seed02,30000,0.0724975,491,4.054119860000002,7,0,0,42,0.0,0.0,0.0,0.0,0.0,0.0,top_z,10
seed02,30000,0.0724975,489,4.02473812,7,0,0,42,0.0,0.0,0.0,0.0,0.0,0.0,top_z,11
seed02,30000,0.0724975,490,4.024424439999998,7,0,0,42,0.0,0.0,0.0,0.0,0.0,0.0,top_z,12
seed02,30000,0.0724975,488,3.9995456599999986,7,0,0,42,0.0,0.0,0.0,0.0,0.0,0.0,top_z,13
seed02,30000,0.0724975,487,3.9741333400000016,7,0,0,42,0.0,0.0,0.0,0.0,0.0,0.0,top_z,14
seed02,30000,0.0724975,486,3.93153608,7,0,0,42,0.0,0.0,0.0,0.0,0.0,0.0,top_z,15
seed02,30000,0.0724975,485,3.930858899999998,7,13,2,42,0.0,0.0,0.0,0.0,0.0,0.0,top_z,16
seed02,30000,0.0724975,484,3.930715439999998,7,0,0,42,0.0,0.0,0.0,0.0,0.0,0.0,top_z,17
seed02,30000,0.0724975,482,3.9257776000000013,7,0,0,42,0.0,0.0,0.0,0.0,0.0,0.0,top_z,18
seed02,30000,0.0724975,480,3.9219824599999993,7,0,0,42,0.0,0.0,0.0,0.0,0.0,0.0,top_z,19
seed02,30000,0.0724975,483,3.9211442399999994,7,0,0,42,0.0,0.0,0.0,0.0,0.0,0.0,top_z,20
seed02,35000,0.0849975,500,4.574641379999999,8,187,5,0,-0.00018843682683999957,0.0004544137758400003,-0.004313218108300002,0.004341180803324108,0.005893050704299999,0.000263203,top_force,1
seed02,35000,0.0849975,1,0.5051561125999996,1,0,0,0,0.0,0.0,0.0,0.0,0.0,0.0,top_force,2
seed02,35000,0.0849975,2,0.5046421151999997,1,0,0,0,0.0,0.0,0.0,0.0,0.0,0.0,top_force,3
seed02,35000,0.0849975,3,0.5036658770000001,1,0,0,0,0.0,0.0,0.0,0.0,0.0,0.0,top_force,4
seed02,35000,0.0849975,4,0.5021453274000004,1,0,0,0,0.0,0.0,0.0,0.0,0.0,0.0,top_force,5
seed02,35000,0.0849975,5,0.49423446600000015,1,0,0,0,0.0,0.0,0.0,0.0,0.0,0.0,top_force,6
seed02,35000,0.0849975,6,0.4982515426000003,1,0,0,0,0.0,0.0,0.0,0.0,0.0,0.0,top_force,7
seed02,35000,0.0849975,7,0.4950343081999996,1,0,0,0,0.0,0.0,0.0,0.0,0.0,0.0,top_force,8
seed02,35000,0.0849975,8,0.4991176407999999,1,0,0,0,0.0,0.0,0.0,0.0,0.0,0.0,top_force,9
seed02,35000,0.0849975,9,0.5058784512,1,0,0,0,0.0,0.0,0.0,0.0,0.0,0.0,top_force,10
seed02,35000,0.0849975,10,0.49994414059999975,1,0,0,0,0.0,0.0,0.0,0.0,0.0,0.0,top_force,11
seed02,35000,0.0849975,11,0.50055153,1,0,0,0,0.0,0.0,0.0,0.0,0.0,0.0,top_force,12
seed02,35000,0.0849975,12,0.4939337323999998,1,0,0,0,0.0,0.0,0.0,0.0,0.0,0.0,top_force,13
seed02,35000,0.0849975,13,0.4991996068000003,1,0,0,0,0.0,0.0,0.0,0.0,0.0,0.0,top_force,14
seed02,35000,0.0849975,14,0.4943093755999997,1,0,0,0,0.0,0.0,0.0,0.0,0.0,0.0,top_force,15
seed02,35000,0.0849975,15,0.5006195117999999,1,0,0,0,0.0,0.0,0.0,0.0,0.0,0.0,top_force,16
seed02,35000,0.0849975,16,0.49473521080000044,1,0,0,0,0.0,0.0,0.0,0.0,0.0,0.0,top_force,17
seed02,35000,0.0849975,17,0.4974619754,1,0,0,0,0.0,0.0,0.0,0.0,0.0,0.0,top_force,18
seed02,35000,0.0849975,18,0.49509947040000013,1,0,0,0,0.0,0.0,0.0,0.0,0.0,0.0,top_force,19
seed02,35000,0.0849975,19,0.5038427299999998,1,0,0,0,0.0,0.0,0.0,0.0,0.0,0.0,top_force,20
seed02,35000,0.0849975,500,4.574641379999999,8,187,5,0,-0.00018843682683999957,0.0004544137758400003,-0.004313218108300002,0.004341180803324108,0.005893050704299999,0.000263203,top_z,1
seed02,35000,0.0849975,499,4.465238859999999,8,23,1,0,0.0,0.0,0.0,0.0,0.0,0.0,top_z,2
seed02,35000,0.0849975,498,4.3870729799999975,8,0,0,0,0.0,0.0,0.0,0.0,0.0,0.0,top_z,3
seed02,35000,0.0849975,497,4.341252299999997,8,0,0,0,0.0,0.0,0.0,0.0,0.0,0.0,top_z,4
seed02,35000,0.0849975,496,4.255422240000001,8,0,0,0,0.0,0.0,0.0,0.0,0.0,0.0,top_z,5
seed02,35000,0.0849975,495,4.233641840000001,8,0,0,0,0.0,0.0,0.0,0.0,0.0,0.0,top_z,6
seed02,35000,0.0849975,494,4.225518460000005,8,0,0,0,0.0,0.0,0.0,0.0,0.0,0.0,top_z,7
seed02,35000,0.0849975,493,4.1949881,8,0,0,0,0.0,0.0,0.0,0.0,0.0,0.0,top_z,8
seed02,35000,0.0849975,492,4.154746339999997,8,0,0,0,0.0,0.0,0.0,0.0,0.0,0.0,top_z,9
seed02,35000,0.0849975,491,4.054119860000002,7,0,0,0,0.0,0.0,0.0,0.0,0.0,0.0,top_z,10
seed02,35000,0.0849975,489,4.02473812,7,0,0,0,0.0,0.0,0.0,0.0,0.0,0.0,top_z,11
seed02,35000,0.0849975,490,4.024424439999998,7,0,0,0,0.0,0.0,0.0,0.0,0.0,0.0,top_z,12
seed02,35000,0.0849975,488,3.9995456599999986,7,0,0,0,0.0,0.0,0.0,0.0,0.0,0.0,top_z,13
seed02,35000,0.0849975,487,3.9741333400000016,7,0,0,0,0.0,0.0,0.0,0.0,0.0,0.0,top_z,14
seed02,35000,0.0849975,486,3.93153608,7,0,0,0,0.0,0.0,0.0,0.0,0.0,0.0,top_z,15
seed02,35000,0.0849975,485,3.930858899999998,7,13,2,0,0.0,0.0,0.0,0.0,0.0,0.0,top_z,16
seed02,35000,0.0849975,484,3.930715439999998,7,0,0,0,0.0,0.0,0.0,0.0,0.0,0.0,top_z,17
seed02,35000,0.0849975,482,3.9257776000000013,7,0,0,0,0.0,0.0,0.0,0.0,0.0,0.0,top_z,18
seed02,35000,0.0849975,480,3.9219824599999993,7,0,0,0,0.0,0.0,0.0,0.0,0.0,0.0,top_z,19
seed02,35000,0.0849975,483,3.9211442399999994,7,0,0,0,0.0,0.0,0.0,0.0,0.0,0.0,top_z,20
seed02,40000,0.0974975,500,4.566961540000004,8,187,5,18,-0.00011654227169000003,-0.00019603088956000002,-0.002366712067989991,0.0023776745411266467,0.0028520790561900097,0.00011251,top_force,1
seed02,40000,0.0974975,1,0.5051561125999996,1,0,0,18,0.0,0.0,0.0,0.0,0.0,0.0,top_force,2
seed02,40000,0.0974975,2,0.5046421151999997,1,0,0,18,0.0,0.0,0.0,0.0,0.0,0.0,top_force,3
seed02,40000,0.0974975,3,0.5036658770000001,1,0,0,18,0.0,0.0,0.0,0.0,0.0,0.0,top_force,4
seed02,40000,0.0974975,4,0.5021453274000004,1,0,0,18,0.0,0.0,0.0,0.0,0.0,0.0,top_force,5
seed02,40000,0.0974975,5,0.49423446600000015,1,0,0,18,0.0,0.0,0.0,0.0,0.0,0.0,top_force,6
seed02,40000,0.0974975,6,0.4982515426000003,1,0,0,18,0.0,0.0,0.0,0.0,0.0,0.0,top_force,7
seed02,40000,0.0974975,7,0.4950343081999996,1,0,0,18,0.0,0.0,0.0,0.0,0.0,0.0,top_force,8
seed02,40000,0.0974975,8,0.4991176407999999,1,0,0,18,0.0,0.0,0.0,0.0,0.0,0.0,top_force,9
seed02,40000,0.0974975,9,0.5058784512,1,0,0,18,0.0,0.0,0.0,0.0,0.0,0.0,top_force,10
seed02,40000,0.0974975,10,0.49994414059999975,1,0,0,18,0.0,0.0,0.0,0.0,0.0,0.0,top_force,11
seed02,40000,0.0974975,11,0.50055153,1,0,0,18,0.0,0.0,0.0,0.0,0.0,0.0,top_force,12
seed02,40000,0.0974975,12,0.4939337323999998,1,0,0,18,0.0,0.0,0.0,0.0,0.0,0.0,top_force,13
seed02,40000,0.0974975,13,0.4991996068000003,1,0,0,18,0.0,0.0,0.0,0.0,0.0,0.0,top_force,14
seed02,40000,0.0974975,14,0.4943093755999997,1,0,0,18,0.0,0.0,0.0,0.0,0.0,0.0,top_force,15
seed02,40000,0.0974975,15,0.5006195117999999,1,0,0,18,0.0,0.0,0.0,0.0,0.0,0.0,top_force,16
seed02,40000,0.0974975,16,0.49473521080000044,1,0,0,18,0.0,0.0,0.0,0.0,0.0,0.0,top_force,17
seed02,40000,0.0974975,17,0.4974619754,1,0,0,18,0.0,0.0,0.0,0.0,0.0,0.0,top_force,18
seed02,40000,0.0974975,18,0.49509947040000013,1,0,0,18,0.0,0.0,0.0,0.0,0.0,0.0,top_force,19
seed02,40000,0.0974975,19,0.5038427299999998,1,0,0,18,0.0,0.0,0.0,0.0,0.0,0.0,top_force,20
seed02,40000,0.0974975,500,4.566961540000004,8,187,5,18,-0.00011654227169000003,-0.00019603088956000002,-0.002366712067989991,0.0023776745411266467,0.0028520790561900097,0.00011251,top_z,1
seed02,40000,0.0974975,499,4.465238859999999,8,23,1,18,0.0,0.0,0.0,0.0,0.0,0.0,top_z,2
seed02,40000,0.0974975,498,4.3870729799999975,8,0,0,18,0.0,0.0,0.0,0.0,0.0,0.0,top_z,3
seed02,40000,0.0974975,497,4.341252299999997,8,0,0,18,0.0,0.0,0.0,0.0,0.0,0.0,top_z,4
seed02,40000,0.0974975,496,4.255422240000001,8,0,0,18,0.0,0.0,0.0,0.0,0.0,0.0,top_z,5
seed02,40000,0.0974975,495,4.233641840000001,8,0,0,18,0.0,0.0,0.0,0.0,0.0,0.0,top_z,6
seed02,40000,0.0974975,494,4.225518460000005,8,0,0,18,0.0,0.0,0.0,0.0,0.0,0.0,top_z,7
seed02,40000,0.0974975,493,4.1949881,8,0,0,18,0.0,0.0,0.0,0.0,0.0,0.0,top_z,8
seed02,40000,0.0974975,492,4.154746339999997,8,0,0,18,0.0,0.0,0.0,0.0,0.0,0.0,top_z,9
seed02,40000,0.0974975,491,4.054119860000002,7,0,0,18,0.0,0.0,0.0,0.0,0.0,0.0,top_z,10
seed02,40000,0.0974975,489,4.02473812,7,0,0,18,0.0,0.0,0.0,0.0,0.0,0.0,top_z,11
seed02,40000,0.0974975,490,4.024424439999998,7,0,0,18,0.0,0.0,0.0,0.0,0.0,0.0,top_z,12
seed02,40000,0.0974975,488,3.9995456599999986,7,0,0,18,0.0,0.0,0.0,0.0,0.0,0.0,top_z,13
seed02,40000,0.0974975,487,3.9741333400000016,7,0,0,18,0.0,0.0,0.0,0.0,0.0,0.0,top_z,14
seed02,40000,0.0974975,486,3.93153608,7,0,0,18,0.0,0.0,0.0,0.0,0.0,0.0,top_z,15
seed02,40000,0.0974975,485,3.930858899999998,7,13,2,18,0.0,0.0,0.0,0.0,0.0,0.0,top_z,16
seed02,40000,0.0974975,484,3.930715439999998,7,0,0,18,0.0,0.0,0.0,0.0,0.0,0.0,top_z,17
seed02,40000,0.0974975,482,3.9257776000000013,7,0,0,18,0.0,0.0,0.0,0.0,0.0,0.0,top_z,18
seed02,40000,0.0974975,480,3.9219824599999993,7,0,0,18,0.0,0.0,0.0,0.0,0.0,0.0,top_z,19
seed02,40000,0.0974975,483,3.9211442399999994,7,0,0,18,0.0,0.0,0.0,0.0,0.0,0.0,top_z,20
seed02,45000,0.10999750000000001,500,4.556385740000001,8,187,5,0,-0.00011104955755,-3.258153376699999e-05,-0.0007721866085600005,0.0007808109367920357,0.0009441276053000001,2.30701e-05,top_force,1
seed02,45000,0.10999750000000001,1,0.5051561125999996,1,0,0,0,0.0,0.0,0.0,0.0,0.0,0.0,top_force,2
seed02,45000,0.10999750000000001,2,0.5046421151999997,1,0,0,0,0.0,0.0,0.0,0.0,0.0,0.0,top_force,3
seed02,45000,0.10999750000000001,3,0.5036658770000001,1,0,0,0,0.0,0.0,0.0,0.0,0.0,0.0,top_force,4
seed02,45000,0.10999750000000001,4,0.5021453274000004,1,0,0,0,0.0,0.0,0.0,0.0,0.0,0.0,top_force,5
seed02,45000,0.10999750000000001,5,0.49423446600000015,1,0,0,0,0.0,0.0,0.0,0.0,0.0,0.0,top_force,6
seed02,45000,0.10999750000000001,6,0.4982515426000003,1,0,0,0,0.0,0.0,0.0,0.0,0.0,0.0,top_force,7
seed02,45000,0.10999750000000001,7,0.4950343081999996,1,0,0,0,0.0,0.0,0.0,0.0,0.0,0.0,top_force,8
seed02,45000,0.10999750000000001,8,0.4991176407999999,1,0,0,0,0.0,0.0,0.0,0.0,0.0,0.0,top_force,9
seed02,45000,0.10999750000000001,9,0.5058784512,1,0,0,0,0.0,0.0,0.0,0.0,0.0,0.0,top_force,10
seed02,45000,0.10999750000000001,10,0.49994414059999975,1,0,0,0,0.0,0.0,0.0,0.0,0.0,0.0,top_force,11
seed02,45000,0.10999750000000001,11,0.50055153,1,0,0,0,0.0,0.0,0.0,0.0,0.0,0.0,top_force,12
seed02,45000,0.10999750000000001,12,0.4939337323999998,1,0,0,0,0.0,0.0,0.0,0.0,0.0,0.0,top_force,13
seed02,45000,0.10999750000000001,13,0.4991996068000003,1,0,0,0,0.0,0.0,0.0,0.0,0.0,0.0,top_force,14
seed02,45000,0.10999750000000001,14,0.4943093755999997,1,0,0,0,0.0,0.0,0.0,0.0,0.0,0.0,top_force,15
seed02,45000,0.10999750000000001,15,0.5006195117999999,1,0,0,0,0.0,0.0,0.0,0.0,0.0,0.0,top_force,16
seed02,45000,0.10999750000000001,16,0.49473521080000044,1,0,0,0,0.0,0.0,0.0,0.0,0.0,0.0,top_force,17
seed02,45000,0.10999750000000001,17,0.4974619754,1,0,0,0,0.0,0.0,0.0,0.0,0.0,0.0,top_force,18
seed02,45000,0.10999750000000001,18,0.49509947040000013,1,0,0,0,0.0,0.0,0.0,0.0,0.0,0.0,top_force,19
seed02,45000,0.10999750000000001,19,0.5038427299999998,1,0,0,0,0.0,0.0,0.0,0.0,0.0,0.0,top_force,20
seed02,45000,0.10999750000000001,500,4.556385740000001,8,187,5,0,-0.00011104955755,-3.258153376699999e-05,-0.0007721866085600005,0.0007808109367920357,0.0009441276053000001,2.30701e-05,top_z,1
seed02,45000,0.10999750000000001,499,4.465238859999999,8,23,1,0,0.0,0.0,0.0,0.0,0.0,0.0,top_z,2
seed02,45000,0.10999750000000001,498,4.3870729799999975,8,0,0,0,0.0,0.0,0.0,0.0,0.0,0.0,top_z,3
seed02,45000,0.10999750000000001,497,4.341252299999997,8,0,0,0,0.0,0.0,0.0,0.0,0.0,0.0,top_z,4
seed02,45000,0.10999750000000001,496,4.255422240000001,8,0,0,0,0.0,0.0,0.0,0.0,0.0,0.0,top_z,5
seed02,45000,0.10999750000000001,495,4.233641840000001,8,0,0,0,0.0,0.0,0.0,0.0,0.0,0.0,top_z,6
seed02,45000,0.10999750000000001,494,4.225518460000005,8,0,0,0,0.0,0.0,0.0,0.0,0.0,0.0,top_z,7
seed02,45000,0.10999750000000001,493,4.1949881,8,0,0,0,0.0,0.0,0.0,0.0,0.0,0.0,top_z,8
seed02,45000,0.10999750000000001,492,4.154746339999997,8,0,0,0,0.0,0.0,0.0,0.0,0.0,0.0,top_z,9
seed02,45000,0.10999750000000001,491,4.054119860000002,7,0,0,0,0.0,0.0,0.0,0.0,0.0,0.0,top_z,10
seed02,45000,0.10999750000000001,489,4.02473812,7,0,0,0,0.0,0.0,0.0,0.0,0.0,0.0,top_z,11
seed02,45000,0.10999750000000001,490,4.024424439999998,7,0,0,0,0.0,0.0,0.0,0.0,0.0,0.0,top_z,12
seed02,45000,0.10999750000000001,488,3.9995456599999986,7,0,0,0,0.0,0.0,0.0,0.0,0.0,0.0,top_z,13
seed02,45000,0.10999750000000001,487,3.9741333400000016,7,0,0,0,0.0,0.0,0.0,0.0,0.0,0.0,top_z,14
seed02,45000,0.10999750000000001,486,3.93153608,7,0,0,0,0.0,0.0,0.0,0.0,0.0,0.0,top_z,15
seed02,45000,0.10999750000000001,485,3.930858899999998,7,13,2,0,0.0,0.0,0.0,0.0,0.0,0.0,top_z,16
seed02,45000,0.10999750000000001,484,3.930715439999998,7,0,0,0,0.0,0.0,0.0,0.0,0.0,0.0,top_z,17
seed02,45000,0.10999750000000001,482,3.9257776000000013,7,0,0,0,0.0,0.0,0.0,0.0,0.0,0.0,top_z,18
seed02,45000,0.10999750000000001,480,3.9219824599999993,7,0,0,0,0.0,0.0,0.0,0.0,0.0,0.0,top_z,19
seed02,45000,0.10999750000000001,483,3.9211442399999994,7,0,0,0,0.0,0.0,0.0,0.0,0.0,0.0,top_z,20
seed02,50000,0.12249750000000001,500,4.544359580000001,8,187,5,0,-2.7370793737999996e-05,-4.379569404000002e-06,-0.00014707080280000026,0.00014966015506556567,0.00018339864560000012,6.04162e-06,top_force,1
seed02,50000,0.12249750000000001,1,0.5051561125999996,1,0,0,0,0.0,0.0,0.0,0.0,0.0,0.0,top_force,2
seed02,50000,0.12249750000000001,2,0.5046421151999997,1,0,0,0,0.0,0.0,0.0,0.0,0.0,0.0,top_force,3
seed02,50000,0.12249750000000001,3,0.5036658770000001,1,0,0,0,0.0,0.0,0.0,0.0,0.0,0.0,top_force,4
seed02,50000,0.12249750000000001,4,0.5021453274000004,1,0,0,0,0.0,0.0,0.0,0.0,0.0,0.0,top_force,5
seed02,50000,0.12249750000000001,5,0.49423446600000015,1,0,0,0,0.0,0.0,0.0,0.0,0.0,0.0,top_force,6
seed02,50000,0.12249750000000001,6,0.4982515426000003,1,0,0,0,0.0,0.0,0.0,0.0,0.0,0.0,top_force,7
seed02,50000,0.12249750000000001,7,0.4950343081999996,1,0,0,0,0.0,0.0,0.0,0.0,0.0,0.0,top_force,8
seed02,50000,0.12249750000000001,8,0.4991176407999999,1,0,0,0,0.0,0.0,0.0,0.0,0.0,0.0,top_force,9
seed02,50000,0.12249750000000001,9,0.5058784512,1,0,0,0,0.0,0.0,0.0,0.0,0.0,0.0,top_force,10
seed02,50000,0.12249750000000001,10,0.49994414059999975,1,0,0,0,0.0,0.0,0.0,0.0,0.0,0.0,top_force,11
seed02,50000,0.12249750000000001,11,0.50055153,1,0,0,0,0.0,0.0,0.0,0.0,0.0,0.0,top_force,12
seed02,50000,0.12249750000000001,12,0.4939337323999998,1,0,0,0,0.0,0.0,0.0,0.0,0.0,0.0,top_force,13
seed02,50000,0.12249750000000001,13,0.4991996068000003,1,0,0,0,0.0,0.0,0.0,0.0,0.0,0.0,top_force,14
seed02,50000,0.12249750000000001,14,0.4943093755999997,1,0,0,0,0.0,0.0,0.0,0.0,0.0,0.0,top_force,15
seed02,50000,0.12249750000000001,15,0.5006195117999999,1,0,0,0,0.0,0.0,0.0,0.0,0.0,0.0,top_force,16
seed02,50000,0.12249750000000001,16,0.49473521080000044,1,0,0,0,0.0,0.0,0.0,0.0,0.0,0.0,top_force,17
seed02,50000,0.12249750000000001,17,0.4974619754,1,0,0,0,0.0,0.0,0.0,0.0,0.0,0.0,top_force,18
seed02,50000,0.12249750000000001,18,0.49509947040000013,1,0,0,0,0.0,0.0,0.0,0.0,0.0,0.0,top_force,19
seed02,50000,0.12249750000000001,19,0.5038427299999998,1,0,0,0,0.0,0.0,0.0,0.0,0.0,0.0,top_force,20
seed02,50000,0.12249750000000001,500,4.544359580000001,8,187,5,0,-2.7370793737999996e-05,-4.379569404000002e-06,-0.00014707080280000026,0.00014966015506556567,0.00018339864560000012,6.04162e-06,top_z,1
seed02,50000,0.12249750000000001,499,4.465238859999999,8,23,1,0,0.0,0.0,0.0,0.0,0.0,0.0,top_z,2
seed02,50000,0.12249750000000001,498,4.3870729799999975,8,0,0,0,0.0,0.0,0.0,0.0,0.0,0.0,top_z,3
seed02,50000,0.12249750000000001,497,4.341252299999997,8,0,0,0,0.0,0.0,0.0,0.0,0.0,0.0,top_z,4
seed02,50000,0.12249750000000001,496,4.255422240000001,8,0,0,0,0.0,0.0,0.0,0.0,0.0,0.0,top_z,5
seed02,50000,0.12249750000000001,495,4.233641840000001,8,0,0,0,0.0,0.0,0.0,0.0,0.0,0.0,top_z,6
seed02,50000,0.12249750000000001,494,4.225518460000005,8,0,0,0,0.0,0.0,0.0,0.0,0.0,0.0,top_z,7
seed02,50000,0.12249750000000001,493,4.1949881,8,0,0,0,0.0,0.0,0.0,0.0,0.0,0.0,top_z,8
seed02,50000,0.12249750000000001,492,4.154746339999997,8,0,0,0,0.0,0.0,0.0,0.0,0.0,0.0,top_z,9
seed02,50000,0.12249750000000001,491,4.054119860000002,7,0,0,0,0.0,0.0,0.0,0.0,0.0,0.0,top_z,10
seed02,50000,0.12249750000000001,489,4.02473812,7,0,0,0,0.0,0.0,0.0,0.0,0.0,0.0,top_z,11
seed02,50000,0.12249750000000001,490,4.024424439999998,7,0,0,0,0.0,0.0,0.0,0.0,0.0,0.0,top_z,12
seed02,50000,0.12249750000000001,488,3.9995456599999986,7,0,0,0,0.0,0.0,0.0,0.0,0.0,0.0,top_z,13
seed02,50000,0.12249750000000001,487,3.9741333400000016,7,0,0,0,0.0,0.0,0.0,0.0,0.0,0.0,top_z,14
seed02,50000,0.12249750000000001,486,3.93153608,7,0,0,0,0.0,0.0,0.0,0.0,0.0,0.0,top_z,15
seed02,50000,0.12249750000000001,485,3.930858899999998,7,13,2,0,0.0,0.0,0.0,0.0,0.0,0.0,top_z,16
seed02,50000,0.12249750000000001,484,3.930715439999998,7,0,0,0,0.0,0.0,0.0,0.0,0.0,0.0,top_z,17
seed02,50000,0.12249750000000001,482,3.9257776000000013,7,0,0,0,0.0,0.0,0.0,0.0,0.0,0.0,top_z,18
seed02,50000,0.12249750000000001,480,3.9219824599999993,7,0,0,0,0.0,0.0,0.0,0.0,0.0,0.0,top_z,19
seed02,50000,0.12249750000000001,483,3.9211442399999994,7,0,0,0,0.0,0.0,0.0,0.0,0.0,0.0,top_z,20
seed02,55000,0.1349975,500,4.532027499999998,8,187,5,0,-3.915947319499997e-06,2.2146573034400014e-06,-2.1364315814999973e-05,2.1832850034382533e-05,3.6000454655000024e-05,1.5878e-06,top_force,1
seed02,55000,0.1349975,1,0.5051561125999996,1,0,0,0,0.0,0.0,0.0,0.0,0.0,0.0,top_force,2
seed02,55000,0.1349975,2,0.5046421151999997,1,0,0,0,0.0,0.0,0.0,0.0,0.0,0.0,top_force,3
seed02,55000,0.1349975,3,0.5036658770000001,1,0,0,0,0.0,0.0,0.0,0.0,0.0,0.0,top_force,4
seed02,55000,0.1349975,4,0.5021453274000004,1,0,0,0,0.0,0.0,0.0,0.0,0.0,0.0,top_force,5
seed02,55000,0.1349975,5,0.49423446600000015,1,0,0,0,0.0,0.0,0.0,0.0,0.0,0.0,top_force,6
seed02,55000,0.1349975,6,0.4982515426000003,1,0,0,0,0.0,0.0,0.0,0.0,0.0,0.0,top_force,7
seed02,55000,0.1349975,7,0.4950343081999996,1,0,0,0,0.0,0.0,0.0,0.0,0.0,0.0,top_force,8
seed02,55000,0.1349975,8,0.4991176407999999,1,0,0,0,0.0,0.0,0.0,0.0,0.0,0.0,top_force,9
seed02,55000,0.1349975,9,0.5058784512,1,0,0,0,0.0,0.0,0.0,0.0,0.0,0.0,top_force,10
seed02,55000,0.1349975,10,0.49994414059999975,1,0,0,0,0.0,0.0,0.0,0.0,0.0,0.0,top_force,11
seed02,55000,0.1349975,11,0.50055153,1,0,0,0,0.0,0.0,0.0,0.0,0.0,0.0,top_force,12
seed02,55000,0.1349975,12,0.4939337323999998,1,0,0,0,0.0,0.0,0.0,0.0,0.0,0.0,top_force,13
seed02,55000,0.1349975,13,0.4991996068000003,1,0,0,0,0.0,0.0,0.0,0.0,0.0,0.0,top_force,14
seed02,55000,0.1349975,14,0.4943093755999997,1,0,0,0,0.0,0.0,0.0,0.0,0.0,0.0,top_force,15
seed02,55000,0.1349975,15,0.5006195117999999,1,0,0,0,0.0,0.0,0.0,0.0,0.0,0.0,top_force,16
seed02,55000,0.1349975,16,0.49473521080000044,1,0,0,0,0.0,0.0,0.0,0.0,0.0,0.0,top_force,17
seed02,55000,0.1349975,17,0.4974619754,1,0,0,0,0.0,0.0,0.0,0.0,0.0,0.0,top_force,18
seed02,55000,0.1349975,18,0.49509947040000013,1,0,0,0,0.0,0.0,0.0,0.0,0.0,0.0,top_force,19
seed02,55000,0.1349975,19,0.5038427299999998,1,0,0,0,0.0,0.0,0.0,0.0,0.0,0.0,top_force,20
seed02,55000,0.1349975,500,4.532027499999998,8,187,5,0,-3.915947319499997e-06,2.2146573034400014e-06,-2.1364315814999973e-05,2.1832850034382533e-05,3.6000454655000024e-05,1.5878e-06,top_z,1
seed02,55000,0.1349975,499,4.465238859999999,8,23,1,0,0.0,0.0,0.0,0.0,0.0,0.0,top_z,2
seed02,55000,0.1349975,498,4.3870729799999975,8,0,0,0,0.0,0.0,0.0,0.0,0.0,0.0,top_z,3
seed02,55000,0.1349975,497,4.341252299999997,8,0,0,0,0.0,0.0,0.0,0.0,0.0,0.0,top_z,4
seed02,55000,0.1349975,496,4.255422240000001,8,0,0,0,0.0,0.0,0.0,0.0,0.0,0.0,top_z,5
seed02,55000,0.1349975,495,4.233641840000001,8,0,0,0,0.0,0.0,0.0,0.0,0.0,0.0,top_z,6
seed02,55000,0.1349975,494,4.225518460000005,8,0,0,0,0.0,0.0,0.0,0.0,0.0,0.0,top_z,7
seed02,55000,0.1349975,493,4.1949881,8,0,0,0,0.0,0.0,0.0,0.0,0.0,0.0,top_z,8
seed02,55000,0.1349975,492,4.154746339999997,8,0,0,0,0.0,0.0,0.0,0.0,0.0,0.0,top_z,9
seed02,55000,0.1349975,491,4.054119860000002,7,0,0,0,0.0,0.0,0.0,0.0,0.0,0.0,top_z,10
seed02,55000,0.1349975,489,4.02473812,7,0,0,0,0.0,0.0,0.0,0.0,0.0,0.0,top_z,11
seed02,55000,0.1349975,490,4.024424439999998,7,0,0,0,0.0,0.0,0.0,0.0,0.0,0.0,top_z,12
seed02,55000,0.1349975,488,3.9995456599999986,7,0,0,0,0.0,0.0,0.0,0.0,0.0,0.0,top_z,13
seed02,55000,0.1349975,487,3.9741333400000016,7,0,0,0,0.0,0.0,0.0,0.0,0.0,0.0,top_z,14
seed02,55000,0.1349975,486,3.93153608,7,0,0,0,0.0,0.0,0.0,0.0,0.0,0.0,top_z,15
seed02,55000,0.1349975,485,3.930858899999998,7,13,2,0,0.0,0.0,0.0,0.0,0.0,0.0,top_z,16
seed02,55000,0.1349975,484,3.930715439999998,7,0,0,0,0.0,0.0,0.0,0.0,0.0,0.0,top_z,17
seed02,55000,0.1349975,482,3.9257776000000013,7,0,0,0,0.0,0.0,0.0,0.0,0.0,0.0,top_z,18
seed02,55000,0.1349975,480,3.9219824599999993,7,0,0,0,0.0,0.0,0.0,0.0,0.0,0.0,top_z,19
seed02,55000,0.1349975,483,3.9211442399999994,7,0,0,0,0.0,0.0,0.0,0.0,0.0,0.0,top_z,20
seed02,60000,0.1474975,459,3.6883163800000016,7,23,1,0,-0.0006510716029999996,-0.00039447104170000014,-0.0028635244054,0.0029629839107383447,0.003120220309400002,6.66279e-05,top_force,1
seed02,60000,0.1474975,500,4.5198101799999995,8,187,5,0,0.00018954998405000003,0.0005454589101699997,0.0018522183083000006,0.0019401462008670676,0.0026609349191000016,9.48897e-05,top_force,2
seed02,60000,0.1474975,1,0.5051561125999996,1,0,0,0,0.0,0.0,0.0,0.0,0.0,0.0,top_force,3
seed02,60000,0.1474975,2,0.5046421151999997,1,0,0,0,0.0,0.0,0.0,0.0,0.0,0.0,top_force,4
seed02,60000,0.1474975,3,0.5036658770000001,1,0,0,0,0.0,0.0,0.0,0.0,0.0,0.0,top_force,5
seed02,60000,0.1474975,4,0.5021453274000004,1,0,0,0,0.0,0.0,0.0,0.0,0.0,0.0,top_force,6
seed02,60000,0.1474975,5,0.49423446600000015,1,0,0,0,0.0,0.0,0.0,0.0,0.0,0.0,top_force,7
seed02,60000,0.1474975,6,0.4982515426000003,1,0,0,0,0.0,0.0,0.0,0.0,0.0,0.0,top_force,8
seed02,60000,0.1474975,7,0.4950343081999996,1,0,0,0,0.0,0.0,0.0,0.0,0.0,0.0,top_force,9
seed02,60000,0.1474975,8,0.4991176407999999,1,0,0,0,0.0,0.0,0.0,0.0,0.0,0.0,top_force,10
seed02,60000,0.1474975,9,0.5058784512,1,0,0,0,0.0,0.0,0.0,0.0,0.0,0.0,top_force,11
seed02,60000,0.1474975,10,0.49994414059999975,1,0,0,0,0.0,0.0,0.0,0.0,0.0,0.0,top_force,12
seed02,60000,0.1474975,11,0.50055153,1,0,0,0,0.0,0.0,0.0,0.0,0.0,0.0,top_force,13
seed02,60000,0.1474975,12,0.4939337323999998,1,0,0,0,0.0,0.0,0.0,0.0,0.0,0.0,top_force,14
seed02,60000,0.1474975,13,0.4991996068000003,1,0,0,0,0.0,0.0,0.0,0.0,0.0,0.0,top_force,15
seed02,60000,0.1474975,14,0.4943093755999997,1,0,0,0,0.0,0.0,0.0,0.0,0.0,0.0,top_force,16
seed02,60000,0.1474975,15,0.5006195117999999,1,0,0,0,0.0,0.0,0.0,0.0,0.0,0.0,top_force,17
seed02,60000,0.1474975,16,0.49473521080000044,1,0,0,0,0.0,0.0,0.0,0.0,0.0,0.0,top_force,18
seed02,60000,0.1474975,17,0.4974619754,1,0,0,0,0.0,0.0,0.0,0.0,0.0,0.0,top_force,19
seed02,60000,0.1474975,18,0.49509947040000013,1,0,0,0,0.0,0.0,0.0,0.0,0.0,0.0,top_force,20
seed02,60000,0.1474975,500,4.5198101799999995,8,187,5,0,0.00018954998405000003,0.0005454589101699997,0.0018522183083000006,0.0019401462008670676,0.0026609349191000016,9.48897e-05,top_z,1
seed02,60000,0.1474975,499,4.465238859999999,8,23,1,0,0.0,0.0,0.0,0.0,0.0,0.0,top_z,2
seed02,60000,0.1474975,498,4.3870729799999975,8,0,0,0,0.0,0.0,0.0,0.0,0.0,0.0,top_z,3
seed02,60000,0.1474975,497,4.341252299999997,8,0,0,0,0.0,0.0,0.0,0.0,0.0,0.0,top_z,4
seed02,60000,0.1474975,496,4.255422240000001,8,0,0,0,0.0,0.0,0.0,0.0,0.0,0.0,top_z,5
seed02,60000,0.1474975,495,4.233641840000001,8,0,0,0,0.0,0.0,0.0,0.0,0.0,0.0,top_z,6
seed02,60000,0.1474975,494,4.225518460000005,8,0,0,0,0.0,0.0,0.0,0.0,0.0,0.0,top_z,7
seed02,60000,0.1474975,493,4.1949881,8,0,0,0,0.0,0.0,0.0,0.0,0.0,0.0,top_z,8
seed02,60000,0.1474975,492,4.154746339999997,8,0,0,0,0.0,0.0,0.0,0.0,0.0,0.0,top_z,9
seed02,60000,0.1474975,491,4.054119860000002,7,0,0,0,0.0,0.0,0.0,0.0,0.0,0.0,top_z,10
seed02,60000,0.1474975,489,4.02473812,7,0,0,0,0.0,0.0,0.0,0.0,0.0,0.0,top_z,11
seed02,60000,0.1474975,490,4.024424439999998,7,0,0,0,0.0,0.0,0.0,0.0,0.0,0.0,top_z,12
seed02,60000,0.1474975,488,3.9995456599999986,7,0,0,0,0.0,0.0,0.0,0.0,0.0,0.0,top_z,13
seed02,60000,0.1474975,487,3.9741333400000016,7,0,0,0,0.0,0.0,0.0,0.0,0.0,0.0,top_z,14
seed02,60000,0.1474975,486,3.93153608,7,0,0,0,0.0,0.0,0.0,0.0,0.0,0.0,top_z,15
seed02,60000,0.1474975,485,3.930858899999998,7,13,2,0,0.0,0.0,0.0,0.0,0.0,0.0,top_z,16
seed02,60000,0.1474975,484,3.930715439999998,7,0,0,0,0.0,0.0,0.0,0.0,0.0,0.0,top_z,17
seed02,60000,0.1474975,482,3.9257776000000013,7,0,0,0,0.0,0.0,0.0,0.0,0.0,0.0,top_z,18
seed02,60000,0.1474975,480,3.9219824599999993,7,0,0,0,0.0,0.0,0.0,0.0,0.0,0.0,top_z,19
seed02,60000,0.1474975,483,3.9211442399999994,7,0,0,0,0.0,0.0,0.0,0.0,0.0,0.0,top_z,20
seed02,65000,0.15999750000000001,500,4.510524260000002,8,187,5,0,0.0002855176091400002,0.00048054214422000024,-0.003762329586159989,0.0038036252407927062,0.004683984964440011,0.000118308,top_force,1
seed02,65000,0.15999750000000001,459,3.6852139800000034,7,23,1,0,-0.00034676008779999996,0.00010486142240999993,-0.0008270227893600001,0.0009028871305549256,0.0038969532797599998,7.78123e-05,top_force,2
seed02,65000,0.15999750000000001,1,0.5051561125999996,1,0,0,0,0.0,0.0,0.0,0.0,0.0,0.0,top_force,3
seed02,65000,0.15999750000000001,2,0.5046421151999997,1,0,0,0,0.0,0.0,0.0,0.0,0.0,0.0,top_force,4
seed02,65000,0.15999750000000001,3,0.5036658770000001,1,0,0,0,0.0,0.0,0.0,0.0,0.0,0.0,top_force,5
seed02,65000,0.15999750000000001,4,0.5021453274000004,1,0,0,0,0.0,0.0,0.0,0.0,0.0,0.0,top_force,6
seed02,65000,0.15999750000000001,5,0.49423446600000015,1,0,0,0,0.0,0.0,0.0,0.0,0.0,0.0,top_force,7
seed02,65000,0.15999750000000001,6,0.4982515426000003,1,0,0,0,0.0,0.0,0.0,0.0,0.0,0.0,top_force,8
seed02,65000,0.15999750000000001,7,0.4950343081999996,1,0,0,0,0.0,0.0,0.0,0.0,0.0,0.0,top_force,9
seed02,65000,0.15999750000000001,8,0.4991176407999999,1,0,0,0,0.0,0.0,0.0,0.0,0.0,0.0,top_force,10
seed02,65000,0.15999750000000001,9,0.5058784512,1,0,0,0,0.0,0.0,0.0,0.0,0.0,0.0,top_force,11
seed02,65000,0.15999750000000001,10,0.49994414059999975,1,0,0,0,0.0,0.0,0.0,0.0,0.0,0.0,top_force,12
seed02,65000,0.15999750000000001,11,0.50055153,1,0,0,0,0.0,0.0,0.0,0.0,0.0,0.0,top_force,13
seed02,65000,0.15999750000000001,12,0.4939337323999998,1,0,0,0,0.0,0.0,0.0,0.0,0.0,0.0,top_force,14
seed02,65000,0.15999750000000001,13,0.4991996068000003,1,0,0,0,0.0,0.0,0.0,0.0,0.0,0.0,top_force,15
seed02,65000,0.15999750000000001,14,0.4943093755999997,1,0,0,0,0.0,0.0,0.0,0.0,0.0,0.0,top_force,16
seed02,65000,0.15999750000000001,15,0.5006195117999999,1,0,0,0,0.0,0.0,0.0,0.0,0.0,0.0,top_force,17
seed02,65000,0.15999750000000001,16,0.49473521080000044,1,0,0,0,0.0,0.0,0.0,0.0,0.0,0.0,top_force,18
seed02,65000,0.15999750000000001,17,0.4974619754,1,0,0,0,0.0,0.0,0.0,0.0,0.0,0.0,top_force,19
seed02,65000,0.15999750000000001,18,0.49509947040000013,1,0,0,0,0.0,0.0,0.0,0.0,0.0,0.0,top_force,20
seed02,65000,0.15999750000000001,500,4.510524260000002,8,187,5,0,0.0002855176091400002,0.00048054214422000024,-0.003762329586159989,0.0038036252407927062,0.004683984964440011,0.000118308,top_z,1
seed02,65000,0.15999750000000001,499,4.465238859999999,8,23,1,0,0.0,0.0,0.0,0.0,0.0,0.0,top_z,2
seed02,65000,0.15999750000000001,498,4.3870729799999975,8,0,0,0,0.0,0.0,0.0,0.0,0.0,0.0,top_z,3
seed02,65000,0.15999750000000001,497,4.341252299999997,8,0,0,0,0.0,0.0,0.0,0.0,0.0,0.0,top_z,4
seed02,65000,0.15999750000000001,496,4.255422240000001,8,0,0,0,0.0,0.0,0.0,0.0,0.0,0.0,top_z,5
seed02,65000,0.15999750000000001,495,4.233641840000001,8,0,0,0,0.0,0.0,0.0,0.0,0.0,0.0,top_z,6
seed02,65000,0.15999750000000001,494,4.225518460000005,8,0,0,0,0.0,0.0,0.0,0.0,0.0,0.0,top_z,7
seed02,65000,0.15999750000000001,493,4.1949881,8,0,0,0,0.0,0.0,0.0,0.0,0.0,0.0,top_z,8
seed02,65000,0.15999750000000001,492,4.154746339999997,8,0,0,0,0.0,0.0,0.0,0.0,0.0,0.0,top_z,9
seed02,65000,0.15999750000000001,491,4.054119860000002,7,0,0,0,0.0,0.0,0.0,0.0,0.0,0.0,top_z,10
seed02,65000,0.15999750000000001,489,4.02473812,7,0,0,0,0.0,0.0,0.0,0.0,0.0,0.0,top_z,11
seed02,65000,0.15999750000000001,490,4.024424439999998,7,0,0,0,0.0,0.0,0.0,0.0,0.0,0.0,top_z,12
seed02,65000,0.15999750000000001,488,3.9995456599999986,7,0,0,0,0.0,0.0,0.0,0.0,0.0,0.0,top_z,13
seed02,65000,0.15999750000000001,487,3.9741333400000016,7,0,0,0,0.0,0.0,0.0,0.0,0.0,0.0,top_z,14
seed02,65000,0.15999750000000001,486,3.93153608,7,0,0,0,0.0,0.0,0.0,0.0,0.0,0.0,top_z,15
seed02,65000,0.15999750000000001,485,3.930858899999998,7,13,2,0,0.0,0.0,0.0,0.0,0.0,0.0,top_z,16
seed02,65000,0.15999750000000001,484,3.930715439999998,7,0,0,0,0.0,0.0,0.0,0.0,0.0,0.0,top_z,17
seed02,65000,0.15999750000000001,482,3.9257776000000013,7,0,0,0,0.0,0.0,0.0,0.0,0.0,0.0,top_z,18
seed02,65000,0.15999750000000001,480,3.9219824599999993,7,0,0,0,0.0,0.0,0.0,0.0,0.0,0.0,top_z,19
seed02,65000,0.15999750000000001,483,3.9211442399999994,7,0,0,0,0.0,0.0,0.0,0.0,0.0,0.0,top_z,20
seed02,70000,0.1724975,500,4.505041580000002,8,187,5,88,-0.0009016353008299993,0.0005259880486200004,-0.00688600460999999,0.006964672937901319,0.007934225950000005,0.000185524,top_force,1
seed02,70000,0.1724975,459,3.6816645000000006,7,23,1,88,2.7249016214000055e-05,-0.00016503276508000007,-0.00029098922419999994,0.00033563827409146765,0.0013626769428,9.49143e-05,top_force,2
seed02,70000,0.1724975,1,0.5051561125999996,1,0,0,88,0.0,0.0,0.0,0.0,0.0,0.0,top_force,3
seed02,70000,0.1724975,2,0.5046421151999997,1,0,0,88,0.0,0.0,0.0,0.0,0.0,0.0,top_force,4
seed02,70000,0.1724975,3,0.5036658770000001,1,0,0,88,0.0,0.0,0.0,0.0,0.0,0.0,top_force,5
seed02,70000,0.1724975,4,0.5021453274000004,1,0,0,88,0.0,0.0,0.0,0.0,0.0,0.0,top_force,6
seed02,70000,0.1724975,5,0.49423446600000015,1,0,0,88,0.0,0.0,0.0,0.0,0.0,0.0,top_force,7
seed02,70000,0.1724975,6,0.4982515426000003,1,0,0,88,0.0,0.0,0.0,0.0,0.0,0.0,top_force,8
seed02,70000,0.1724975,7,0.4950343081999996,1,0,0,88,0.0,0.0,0.0,0.0,0.0,0.0,top_force,9
seed02,70000,0.1724975,8,0.4991176407999999,1,0,0,88,0.0,0.0,0.0,0.0,0.0,0.0,top_force,10
seed02,70000,0.1724975,9,0.5058784512,1,0,0,88,0.0,0.0,0.0,0.0,0.0,0.0,top_force,11
seed02,70000,0.1724975,10,0.49994414059999975,1,0,0,88,0.0,0.0,0.0,0.0,0.0,0.0,top_force,12
seed02,70000,0.1724975,11,0.50055153,1,0,0,88,0.0,0.0,0.0,0.0,0.0,0.0,top_force,13
seed02,70000,0.1724975,12,0.4939337323999998,1,0,0,88,0.0,0.0,0.0,0.0,0.0,0.0,top_force,14
seed02,70000,0.1724975,13,0.4991996068000003,1,0,0,88,0.0,0.0,0.0,0.0,0.0,0.0,top_force,15
seed02,70000,0.1724975,14,0.4943093755999997,1,0,0,88,0.0,0.0,0.0,0.0,0.0,0.0,top_force,16
seed02,70000,0.1724975,15,0.5006195117999999,1,0,0,88,0.0,0.0,0.0,0.0,0.0,0.0,top_force,17
seed02,70000,0.1724975,16,0.49473521080000044,1,0,0,88,0.0,0.0,0.0,0.0,0.0,0.0,top_force,18
seed02,70000,0.1724975,17,0.4974619754,1,0,0,88,0.0,0.0,0.0,0.0,0.0,0.0,top_force,19
seed02,70000,0.1724975,18,0.49509947040000013,1,0,0,88,0.0,0.0,0.0,0.0,0.0,0.0,top_force,20
seed02,70000,0.1724975,500,4.505041580000002,8,187,5,88,-0.0009016353008299993,0.0005259880486200004,-0.00688600460999999,0.006964672937901319,0.007934225950000005,0.000185524,top_z,1
seed02,70000,0.1724975,499,4.465238859999999,8,23,1,88,0.0,0.0,0.0,0.0,0.0,0.0,top_z,2
seed02,70000,0.1724975,498,4.3870729799999975,8,0,0,88,0.0,0.0,0.0,0.0,0.0,0.0,top_z,3
seed02,70000,0.1724975,497,4.341252299999997,8,0,0,88,0.0,0.0,0.0,0.0,0.0,0.0,top_z,4
seed02,70000,0.1724975,496,4.255422240000001,8,0,0,88,0.0,0.0,0.0,0.0,0.0,0.0,top_z,5
seed02,70000,0.1724975,495,4.233641840000001,8,0,0,88,0.0,0.0,0.0,0.0,0.0,0.0,top_z,6
seed02,70000,0.1724975,494,4.225518460000005,8,0,0,88,0.0,0.0,0.0,0.0,0.0,0.0,top_z,7
seed02,70000,0.1724975,493,4.1949881,8,0,0,88,0.0,0.0,0.0,0.0,0.0,0.0,top_z,8
seed02,70000,0.1724975,492,4.154746339999997,8,0,0,88,0.0,0.0,0.0,0.0,0.0,0.0,top_z,9
seed02,70000,0.1724975,491,4.054119860000002,7,0,0,88,0.0,0.0,0.0,0.0,0.0,0.0,top_z,10
seed02,70000,0.1724975,489,4.02473812,7,0,0,88,0.0,0.0,0.0,0.0,0.0,0.0,top_z,11
seed02,70000,0.1724975,490,4.024424439999998,7,0,0,88,0.0,0.0,0.0,0.0,0.0,0.0,top_z,12
seed02,70000,0.1724975,488,3.9995456599999986,7,0,0,88,0.0,0.0,0.0,0.0,0.0,0.0,top_z,13
seed02,70000,0.1724975,487,3.9741333400000016,7,0,0,88,0.0,0.0,0.0,0.0,0.0,0.0,top_z,14
seed02,70000,0.1724975,486,3.93153608,7,0,0,88,0.0,0.0,0.0,0.0,0.0,0.0,top_z,15
seed02,70000,0.1724975,485,3.930858899999998,7,13,2,88,0.0,0.0,0.0,0.0,0.0,0.0,top_z,16
seed02,70000,0.1724975,484,3.930715439999998,7,0,0,88,0.0,0.0,0.0,0.0,0.0,0.0,top_z,17
seed02,70000,0.1724975,482,3.9257776000000013,7,0,0,88,0.0,0.0,0.0,0.0,0.0,0.0,top_z,18
seed02,70000,0.1724975,480,3.9219824599999993,7,0,0,88,0.0,0.0,0.0,0.0,0.0,0.0,top_z,19
seed02,70000,0.1724975,483,3.9211442399999994,7,0,0,88,0.0,0.0,0.0,0.0,0.0,0.0,top_z,20
seed02,75000,0.1849975,499,4.465195320000002,8,23,1,0,-6.421559329999998e-05,2.3699592399999916e-05,-0.004611389153000003,0.004611897140386902,0.004803884779,5.08169e-05,top_force,1
seed02,75000,0.1849975,459,3.6780746999999994,7,23,1,0,-0.0007010277087599996,-0.00024352612157999974,-0.0017693843359999988,0.001918714608487476,0.002243288432399999,5.07932e-05,top_force,2
seed02,75000,0.1849975,500,4.49564066,8,187,5,0,-3.0092738999999758e-06,0.00031937081614999993,-0.00121581602051999,0.0012570661755416008,0.0038861794569200053,0.000101598,top_force,3
seed02,75000,0.1849975,1,0.5051561125999996,1,0,0,0,0.0,0.0,0.0,0.0,0.0,0.0,top_force,4
seed02,75000,0.1849975,2,0.5046421151999997,1,0,0,0,0.0,0.0,0.0,0.0,0.0,0.0,top_force,5
seed02,75000,0.1849975,3,0.5036658770000001,1,0,0,0,0.0,0.0,0.0,0.0,0.0,0.0,top_force,6
seed02,75000,0.1849975,4,0.5021453274000004,1,0,0,0,0.0,0.0,0.0,0.0,0.0,0.0,top_force,7
seed02,75000,0.1849975,5,0.49423446600000015,1,0,0,0,0.0,0.0,0.0,0.0,0.0,0.0,top_force,8
seed02,75000,0.1849975,6,0.4982515426000003,1,0,0,0,0.0,0.0,0.0,0.0,0.0,0.0,top_force,9
seed02,75000,0.1849975,7,0.4950343081999996,1,0,0,0,0.0,0.0,0.0,0.0,0.0,0.0,top_force,10
seed02,75000,0.1849975,8,0.4991176407999999,1,0,0,0,0.0,0.0,0.0,0.0,0.0,0.0,top_force,11
seed02,75000,0.1849975,9,0.5058784512,1,0,0,0,0.0,0.0,0.0,0.0,0.0,0.0,top_force,12
seed02,75000,0.1849975,10,0.49994414059999975,1,0,0,0,0.0,0.0,0.0,0.0,0.0,0.0,top_force,13
seed02,75000,0.1849975,11,0.50055153,1,0,0,0,0.0,0.0,0.0,0.0,0.0,0.0,top_force,14
seed02,75000,0.1849975,12,0.4939337323999998,1,0,0,0,0.0,0.0,0.0,0.0,0.0,0.0,top_force,15
seed02,75000,0.1849975,13,0.4991996068000003,1,0,0,0,0.0,0.0,0.0,0.0,0.0,0.0,top_force,16
seed02,75000,0.1849975,14,0.4943093755999997,1,0,0,0,0.0,0.0,0.0,0.0,0.0,0.0,top_force,17
seed02,75000,0.1849975,15,0.5006195117999999,1,0,0,0,0.0,0.0,0.0,0.0,0.0,0.0,top_force,18
seed02,75000,0.1849975,16,0.49473521080000044,1,0,0,0,0.0,0.0,0.0,0.0,0.0,0.0,top_force,19
seed02,75000,0.1849975,17,0.4974619754,1,0,0,0,0.0,0.0,0.0,0.0,0.0,0.0,top_force,20
seed02,75000,0.1849975,500,4.49564066,8,187,5,0,-3.0092738999999758e-06,0.00031937081614999993,-0.00121581602051999,0.0012570661755416008,0.0038861794569200053,0.000101598,top_z,1
seed02,75000,0.1849975,499,4.465195320000002,8,23,1,0,-6.421559329999998e-05,2.3699592399999916e-05,-0.004611389153000003,0.004611897140386902,0.004803884779,5.08169e-05,top_z,2
seed02,75000,0.1849975,498,4.3870729799999975,8,0,0,0,0.0,0.0,0.0,0.0,0.0,0.0,top_z,3
seed02,75000,0.1849975,497,4.341252299999997,8,0,0,0,0.0,0.0,0.0,0.0,0.0,0.0,top_z,4
seed02,75000,0.1849975,496,4.255422240000001,8,0,0,0,0.0,0.0,0.0,0.0,0.0,0.0,top_z,5
seed02,75000,0.1849975,495,4.233641840000001,8,0,0,0,0.0,0.0,0.0,0.0,0.0,0.0,top_z,6
seed02,75000,0.1849975,494,4.225518460000005,8,0,0,0,0.0,0.0,0.0,0.0,0.0,0.0,top_z,7
seed02,75000,0.1849975,493,4.1949881,8,0,0,0,0.0,0.0,0.0,0.0,0.0,0.0,top_z,8
seed02,75000,0.1849975,492,4.154746339999997,8,0,0,0,0.0,0.0,0.0,0.0,0.0,0.0,top_z,9
seed02,75000,0.1849975,491,4.054119860000002,7,0,0,0,0.0,0.0,0.0,0.0,0.0,0.0,top_z,10
seed02,75000,0.1849975,489,4.02473812,7,0,0,0,0.0,0.0,0.0,0.0,0.0,0.0,top_z,11
seed02,75000,0.1849975,490,4.024424439999998,7,0,0,0,0.0,0.0,0.0,0.0,0.0,0.0,top_z,12
seed02,75000,0.1849975,488,3.9995456599999986,7,0,0,0,0.0,0.0,0.0,0.0,0.0,0.0,top_z,13
seed02,75000,0.1849975,487,3.9741333400000016,7,0,0,0,0.0,0.0,0.0,0.0,0.0,0.0,top_z,14
seed02,75000,0.1849975,486,3.93153608,7,0,0,0,0.0,0.0,0.0,0.0,0.0,0.0,top_z,15
seed02,75000,0.1849975,485,3.930858899999998,7,13,2,0,0.0,0.0,0.0,0.0,0.0,0.0,top_z,16
seed02,75000,0.1849975,484,3.930715439999998,7,0,0,0,0.0,0.0,0.0,0.0,0.0,0.0,top_z,17
seed02,75000,0.1849975,482,3.9257776000000013,7,0,0,0,0.0,0.0,0.0,0.0,0.0,0.0,top_z,18
seed02,75000,0.1849975,480,3.9219824599999993,7,0,0,0,0.0,0.0,0.0,0.0,0.0,0.0,top_z,19
seed02,75000,0.1849975,483,3.9211442399999994,7,0,0,0,0.0,0.0,0.0,0.0,0.0,0.0,top_z,20
seed02,80000,0.1974975,499,4.460268780000001,8,23,1,85,-0.0006470837244319994,0.0008349619326400004,-0.004391836989399998,0.00451709097947393,0.0094844186276,0.000716719,top_force,1
seed02,80000,0.1974975,500,4.487332900000004,8,187,5,85,-0.0023462328202600003,7.950323024999991e-05,-0.0029497609074839834,0.0037699096304561613,0.006535576050916021,0.000528881,top_force,2
seed02,80000,0.1974975,491,4.053980520000003,7,0,0,85,0.00046209912519999994,-0.0006472443486600004,-0.0016938539513000003,0.0018712568120697749,0.002124518462300002,0.000142308,top_force,3
seed02,80000,0.1974975,485,3.9302065600000016,7,13,2,85,0.0010132384134000027,0.0007561320316600287,-0.000308725907,0.0013014220750181894,0.12346674540100008,0.0219442,top_force,4
seed02,80000,0.1974975,459,3.672965019999992,7,23,1,85,-0.0002825109546499999,-0.0003793775981799999,-0.0006770193128999995,0.0008258903992284128,0.0009584442580999997,2.23012e-05,top_force,5
seed02,80000,0.1974975,385,3.094309900000004,6,0,0,85,3.039104359099998e-05,-6.443220319999998e-06,-3.4407213757000006e-05,4.6357167484241445e-05,4.7255240617e-05,2.74628e-06,top_force,6
seed02,80000,0.1974975,1,0.5051561125999996,1,0,0,85,0.0,0.0,0.0,0.0,0.0,0.0,top_force,7
seed02,80000,0.1974975,2,0.5046421151999997,1,0,0,85,0.0,0.0,0.0,0.0,0.0,0.0,top_force,8
seed02,80000,0.1974975,3,0.5036658770000001,1,0,0,85,0.0,0.0,0.0,0.0,0.0,0.0,top_force,9
seed02,80000,0.1974975,4,0.5021453274000004,1,0,0,85,0.0,0.0,0.0,0.0,0.0,0.0,top_force,10
seed02,80000,0.1974975,5,0.49423446600000015,1,0,0,85,0.0,0.0,0.0,0.0,0.0,0.0,top_force,11
seed02,80000,0.1974975,6,0.4982515426000003,1,0,0,85,0.0,0.0,0.0,0.0,0.0,0.0,top_force,12
seed02,80000,0.1974975,7,0.4950343081999996,1,0,0,85,0.0,0.0,0.0,0.0,0.0,0.0,top_force,13
seed02,80000,0.1974975,8,0.4991176407999999,1,0,0,85,0.0,0.0,0.0,0.0,0.0,0.0,top_force,14
seed02,80000,0.1974975,9,0.5058784512,1,0,0,85,0.0,0.0,0.0,0.0,0.0,0.0,top_force,15
seed02,80000,0.1974975,10,0.49994414059999975,1,0,0,85,0.0,0.0,0.0,0.0,0.0,0.0,top_force,16
seed02,80000,0.1974975,11,0.50055153,1,0,0,85,0.0,0.0,0.0,0.0,0.0,0.0,top_force,17
seed02,80000,0.1974975,12,0.4939337323999998,1,0,0,85,0.0,0.0,0.0,0.0,0.0,0.0,top_force,18
seed02,80000,0.1974975,13,0.4991996068000003,1,0,0,85,0.0,0.0,0.0,0.0,0.0,0.0,top_force,19
seed02,80000,0.1974975,14,0.4943093755999997,1,0,0,85,0.0,0.0,0.0,0.0,0.0,0.0,top_force,20
seed02,80000,0.1974975,500,4.487332900000004,8,187,5,85,-0.0023462328202600003,7.950323024999991e-05,-0.0029497609074839834,0.0037699096304561613,0.006535576050916021,0.000528881,top_z,1
seed02,80000,0.1974975,499,4.460268780000001,8,23,1,85,-0.0006470837244319994,0.0008349619326400004,-0.004391836989399998,0.00451709097947393,0.0094844186276,0.000716719,top_z,2
seed02,80000,0.1974975,498,4.3870729799999975,8,0,0,85,0.0,0.0,0.0,0.0,0.0,0.0,top_z,3
seed02,80000,0.1974975,497,4.341252299999997,8,0,0,85,0.0,0.0,0.0,0.0,0.0,0.0,top_z,4
seed02,80000,0.1974975,496,4.255422240000001,8,0,0,85,0.0,0.0,0.0,0.0,0.0,0.0,top_z,5
seed02,80000,0.1974975,495,4.233641840000001,8,0,0,85,0.0,0.0,0.0,0.0,0.0,0.0,top_z,6
seed02,80000,0.1974975,494,4.225518460000005,8,0,0,85,0.0,0.0,0.0,0.0,0.0,0.0,top_z,7
seed02,80000,0.1974975,493,4.1949881,8,0,0,85,0.0,0.0,0.0,0.0,0.0,0.0,top_z,8
seed02,80000,0.1974975,492,4.154746339999997,8,0,0,85,0.0,0.0,0.0,0.0,0.0,0.0,top_z,9
seed02,80000,0.1974975,491,4.053980520000003,7,0,0,85,0.00046209912519999994,-0.0006472443486600004,-0.0016938539513000003,0.0018712568120697749,0.002124518462300002,0.000142308,top_z,10
seed02,80000,0.1974975,489,4.02473812,7,0,0,85,0.0,0.0,0.0,0.0,0.0,0.0,top_z,11
seed02,80000,0.1974975,490,4.024424439999998,7,0,0,85,0.0,0.0,0.0,0.0,0.0,0.0,top_z,12
seed02,80000,0.1974975,488,3.9995456599999986,7,0,0,85,0.0,0.0,0.0,0.0,0.0,0.0,top_z,13
seed02,80000,0.1974975,487,3.9741333400000016,7,0,0,85,0.0,0.0,0.0,0.0,0.0,0.0,top_z,14
seed02,80000,0.1974975,486,3.93153608,7,0,0,85,0.0,0.0,0.0,0.0,0.0,0.0,top_z,15
seed02,80000,0.1974975,484,3.930715439999998,7,0,0,85,0.0,0.0,0.0,0.0,0.0,0.0,top_z,16
seed02,80000,0.1974975,485,3.9302065600000016,7,13,2,85,0.0010132384134000027,0.0007561320316600287,-0.000308725907,0.0013014220750181894,0.12346674540100008,0.0219442,top_z,17
seed02,80000,0.1974975,482,3.9257776000000013,7,0,0,85,0.0,0.0,0.0,0.0,0.0,0.0,top_z,18
seed02,80000,0.1974975,480,3.9219824599999993,7,0,0,85,0.0,0.0,0.0,0.0,0.0,0.0,top_z,19
seed02,80000,0.1974975,483,3.9211442399999994,7,0,0,85,0.0,0.0,0.0,0.0,0.0,0.0,top_z,20
